id,user_id,quiz_id,question_id,selected_answer,is_correct,answered_at
1,1,1,41,b,1,2026-06-16 18:10:00
2,1,1,326,c,0,2026-06-16 18:15:00
3,1,1,360,a,1,2026-06-16 18:09:00
4,1,1,84,d,0,2026-06-16 18:08:00
5,1,1,113,c,1,2026-06-16 18:18:00
6,1,1,421,a,0,2026-06-16 18:08:00
7,1,1,109,c,0,2026-06-16 18:03:00
8,1,1,74,c,1,2026-06-16 18:15:00
9,1,1,135,d,1,2026-06-16 18:18:00
10,1,1,71,d,0,2026-06-16 18:08:00
11,1,1,79,b,1,2026-06-16 18:04:00
12,1,1,198,d,0,2026-06-16 18:03:00
13,1,1,498,a,1,2026-06-16 18:09:00
14,1,1,385,c,0,2026-06-16 18:18:00
15,1,1,223,b,0,2026-06-16 18:10:00
16,1,3,471,a,0,2026-07-17 06:17:00
17,1,3,476,c,1,2026-07-17 06:04:00
18,1,3,123,a,0,2026-07-17 06:10:00
19,1,3,44,d,1,2026-07-17 06:03:00
20,1,3,393,b,1,2026-07-17 06:18:00
21,1,3,85,c,1,2026-07-17 06:18:00
22,1,3,476,b,1,2026-07-17 06:07:00
23,1,3,225,d,0,2026-07-17 06:12:00
24,1,3,11,b,1,2026-07-17 06:11:00
25,1,3,118,a,0,2026-07-17 06:02:00
26,1,3,264,b,0,2026-07-17 06:03:00
27,1,3,68,d,1,2026-07-17 06:18:00
28,1,3,98,a,1,2026-07-17 06:14:00
29,1,3,211,d,1,2026-07-17 06:14:00
30,1,3,32,d,0,2026-07-17 06:04:00
31,1,4,448,a,1,2026-05-25 17:08:00
32,1,4,51,a,1,2026-05-25 17:18:00
33,1,4,497,a,1,2026-05-25 17:01:00
34,1,4,209,d,0,2026-05-25 17:06:00
35,1,4,85,d,1,2026-05-25 17:02:00
36,1,5,80,b,1,2026-06-06 13:16:00
37,1,5,377,a,1,2026-06-06 13:19:00
38,1,5,245,b,0,2026-06-06 13:19:00
39,1,5,36,a,1,2026-06-06 13:06:00
40,1,5,483,b,0,2026-06-06 13:04:00
41,1,5,215,c,0,2026-06-06 13:03:00
42,1,5,123,c,0,2026-06-06 13:11:00
43,1,5,235,c,1,2026-06-06 13:10:00
44,1,5,235,a,0,2026-06-06 13:01:00
45,1,5,68,c,1,2026-06-06 13:09:00
46,1,6,5,c,1,2026-05-21 14:17:00
47,1,6,136,a,0,2026-05-21 14:05:00
48,1,6,140,c,0,2026-05-21 14:05:00
49,1,6,352,c,1,2026-05-21 14:07:00
50,1,6,48,d,1,2026-05-21 14:02:00
51,1,6,395,b,0,2026-05-21 14:11:00
52,1,6,283,d,0,2026-05-21 14:15:00
53,1,6,280,a,0,2026-05-21 14:05:00
54,1,6,221,b,0,2026-05-21 14:05:00
55,1,6,461,c,1,2026-05-21 14:02:00
56,1,10,440,d,0,2026-06-01 08:02:00
57,1,10,180,c,1,2026-06-01 08:15:00
58,1,10,13,b,1,2026-06-01 08:08:00
59,1,10,496,c,1,2026-06-01 08:03:00
60,1,10,170,a,1,2026-06-01 08:18:00
61,1,10,298,c,1,2026-06-01 08:06:00
62,1,10,374,c,1,2026-06-01 08:12:00
63,1,10,198,b,1,2026-06-01 08:04:00
64,1,10,267,b,1,2026-06-01 08:01:00
65,1,10,320,c,1,2026-06-01 08:11:00
66,1,10,260,c,0,2026-06-01 08:10:00
67,1,10,284,b,0,2026-06-01 08:10:00
68,1,10,347,b,1,2026-06-01 08:13:00
69,1,10,427,a,0,2026-06-01 08:18:00
70,1,10,311,c,1,2026-06-01 08:19:00
71,1,11,146,c,0,2026-07-05 15:03:00
72,1,11,345,c,1,2026-07-05 15:08:00
73,1,11,24,b,1,2026-07-05 15:01:00
74,1,11,234,d,0,2026-07-05 15:03:00
75,1,11,254,d,0,2026-07-05 15:13:00
76,1,12,128,a,0,2026-05-29 05:18:00
77,1,12,287,c,1,2026-05-29 05:17:00
78,1,12,418,d,0,2026-05-29 05:20:00
79,1,12,381,d,0,2026-05-29 05:06:00
80,1,12,393,d,1,2026-05-29 05:09:00
81,1,12,366,c,0,2026-05-29 05:03:00
82,1,12,42,b,1,2026-05-29 05:18:00
83,1,12,362,b,1,2026-05-29 05:05:00
84,1,12,239,d,1,2026-05-29 05:18:00
85,1,12,464,a,1,2026-05-29 05:13:00
86,1,13,276,b,1,2026-06-15 09:14:00
87,1,13,15,d,1,2026-06-15 09:16:00
88,1,13,371,b,1,2026-06-15 09:13:00
89,1,13,274,a,1,2026-06-15 09:20:00
90,1,13,43,d,0,2026-06-15 09:01:00
91,1,14,143,d,1,2026-06-03 12:13:00
92,1,14,384,a,1,2026-06-03 12:01:00
93,1,14,400,a,0,2026-06-03 12:03:00
94,1,14,430,a,1,2026-06-03 12:07:00
95,1,14,343,a,0,2026-06-03 12:16:00
96,2,15,204,b,1,2026-05-14 18:13:00
97,2,15,53,c,1,2026-05-14 18:08:00
98,2,15,408,a,0,2026-05-14 18:04:00
99,2,15,36,c,1,2026-05-14 18:12:00
100,2,15,55,d,1,2026-05-14 18:16:00
101,2,15,363,b,0,2026-05-14 18:15:00
102,2,15,316,d,1,2026-05-14 18:09:00
103,2,15,138,c,1,2026-05-14 18:19:00
104,2,15,143,d,0,2026-05-14 18:03:00
105,2,15,343,d,1,2026-05-14 18:20:00
106,2,16,360,c,1,2026-07-02 06:20:00
107,2,16,44,b,1,2026-07-02 06:07:00
108,2,16,354,d,0,2026-07-02 06:08:00
109,2,16,48,c,0,2026-07-02 06:01:00
110,2,16,340,c,1,2026-07-02 06:10:00
111,2,17,62,b,1,2026-07-10 10:08:00
112,2,17,99,b,1,2026-07-10 10:06:00
113,2,17,390,c,0,2026-07-10 10:19:00
114,2,17,117,c,0,2026-07-10 10:10:00
115,2,17,65,c,1,2026-07-10 10:18:00
116,2,17,358,b,1,2026-07-10 10:10:00
117,2,17,447,a,1,2026-07-10 10:04:00
118,2,17,175,b,1,2026-07-10 10:15:00
119,2,17,59,a,0,2026-07-10 10:16:00
120,2,17,78,b,1,2026-07-10 10:02:00
121,2,17,128,a,1,2026-07-10 10:03:00
122,2,17,405,b,1,2026-07-10 10:20:00
123,2,17,153,d,0,2026-07-10 10:15:00
124,2,17,492,a,1,2026-07-10 10:20:00
125,2,17,136,a,0,2026-07-10 10:07:00
126,2,18,119,c,0,2026-05-21 00:02:00
127,2,18,37,b,1,2026-05-21 00:15:00
128,2,18,339,b,0,2026-05-21 00:19:00
129,2,18,466,c,1,2026-05-21 00:05:00
130,2,18,406,c,0,2026-05-21 00:06:00
131,2,19,253,d,1,2026-06-29 22:18:00
132,2,19,377,c,1,2026-06-29 22:14:00
133,2,19,493,a,0,2026-06-29 22:08:00
134,2,19,296,a,0,2026-06-29 22:09:00
135,2,19,334,d,0,2026-06-29 22:17:00
136,3,21,19,d,1,2026-06-12 13:18:00
137,3,21,497,d,1,2026-06-12 13:04:00
138,3,21,337,d,0,2026-06-12 13:01:00
139,3,21,319,d,1,2026-06-12 13:12:00
140,3,21,137,b,1,2026-06-12 13:07:00
141,3,23,237,a,0,2026-05-21 09:04:00
142,3,23,261,c,0,2026-05-21 09:10:00
143,3,23,125,d,1,2026-05-21 09:16:00
144,3,23,261,b,1,2026-05-21 09:20:00
145,3,23,175,c,0,2026-05-21 09:14:00
146,3,23,429,d,0,2026-05-21 09:10:00
147,3,23,177,c,0,2026-05-21 09:16:00
148,3,23,478,c,1,2026-05-21 09:15:00
149,3,23,293,d,1,2026-05-21 09:08:00
150,3,23,163,d,1,2026-05-21 09:02:00
151,3,23,340,b,1,2026-05-21 09:13:00
152,3,23,495,c,0,2026-05-21 09:17:00
153,3,23,52,d,0,2026-05-21 09:15:00
154,3,23,39,d,1,2026-05-21 09:05:00
155,3,23,355,d,0,2026-05-21 09:20:00
156,3,24,19,a,0,2026-06-18 10:18:00
157,3,24,117,a,1,2026-06-18 10:10:00
158,3,24,228,b,1,2026-06-18 10:04:00
159,3,24,167,a,1,2026-06-18 10:02:00
160,3,24,126,d,1,2026-06-18 10:05:00
161,3,24,90,a,1,2026-06-18 10:06:00
162,3,24,255,b,0,2026-06-18 10:08:00
163,3,24,131,a,1,2026-06-18 10:15:00
164,3,24,347,b,0,2026-06-18 10:10:00
165,3,24,154,d,1,2026-06-18 10:19:00
166,3,24,102,d,0,2026-06-18 10:10:00
167,3,24,293,c,0,2026-06-18 10:13:00
168,3,24,12,d,1,2026-06-18 10:10:00
169,3,24,467,d,1,2026-06-18 10:02:00
170,3,24,311,c,1,2026-06-18 10:08:00
171,3,25,463,a,0,2026-07-26 23:04:00
172,3,25,187,b,1,2026-07-26 23:19:00
173,3,25,90,b,1,2026-07-26 23:14:00
174,3,25,272,c,1,2026-07-26 23:12:00
175,3,25,496,c,0,2026-07-26 23:16:00
176,3,25,240,a,0,2026-07-26 23:04:00
177,3,25,496,c,1,2026-07-26 23:13:00
178,3,25,275,a,1,2026-07-26 23:09:00
179,3,25,300,d,1,2026-07-26 23:09:00
180,3,25,346,b,1,2026-07-26 23:04:00
181,3,26,333,d,0,2026-07-18 07:10:00
182,3,26,156,d,1,2026-07-18 07:02:00
183,3,26,70,d,1,2026-07-18 07:18:00
184,3,26,215,b,1,2026-07-18 07:18:00
185,3,26,316,d,0,2026-07-18 07:16:00
186,3,26,112,d,0,2026-07-18 07:12:00
187,3,26,51,c,1,2026-07-18 07:12:00
188,3,26,32,d,1,2026-07-18 07:12:00
189,3,26,47,b,1,2026-07-18 07:15:00
190,3,26,26,c,1,2026-07-18 07:01:00
191,3,27,397,b,1,2026-05-09 17:11:00
192,3,27,440,b,0,2026-05-09 17:09:00
193,3,27,57,a,0,2026-05-09 17:06:00
194,3,27,302,c,1,2026-05-09 17:08:00
195,3,27,380,d,1,2026-05-09 17:05:00
196,3,28,23,c,1,2026-06-27 11:20:00
197,3,28,246,d,1,2026-06-27 11:02:00
198,3,28,38,a,1,2026-06-27 11:15:00
199,3,28,141,c,1,2026-06-27 11:05:00
200,3,28,233,d,1,2026-06-27 11:10:00
201,3,28,370,b,1,2026-06-27 11:18:00
202,3,28,174,d,1,2026-06-27 11:14:00
203,3,28,219,c,1,2026-06-27 11:11:00
204,3,28,352,d,0,2026-06-27 11:05:00
205,3,28,222,a,1,2026-06-27 11:03:00
206,3,30,496,c,1,2026-05-16 13:02:00
207,3,30,260,b,0,2026-05-16 13:19:00
208,3,30,180,c,1,2026-05-16 13:04:00
209,3,30,414,d,1,2026-05-16 13:08:00
210,3,30,315,a,1,2026-05-16 13:20:00
211,3,30,15,b,1,2026-05-16 13:09:00
212,3,30,180,a,1,2026-05-16 13:11:00
213,3,30,36,b,1,2026-05-16 13:13:00
214,3,30,383,b,1,2026-05-16 13:03:00
215,3,30,190,c,1,2026-05-16 13:06:00
216,3,30,306,a,1,2026-05-16 13:19:00
217,3,30,26,a,0,2026-05-16 13:20:00
218,3,30,311,d,1,2026-05-16 13:16:00
219,3,30,59,c,1,2026-05-16 13:17:00
220,3,30,250,c,1,2026-05-16 13:19:00
221,4,31,383,d,1,2026-08-07 04:16:00
222,4,31,257,c,1,2026-08-07 04:08:00
223,4,31,224,a,1,2026-08-07 04:02:00
224,4,31,295,d,0,2026-08-07 04:11:00
225,4,31,149,a,1,2026-08-07 04:14:00
226,4,33,382,c,1,2026-06-01 13:10:00
227,4,33,262,a,1,2026-06-01 13:03:00
228,4,33,180,b,0,2026-06-01 13:12:00
229,4,33,89,b,1,2026-06-01 13:07:00
230,4,33,488,d,0,2026-06-01 13:06:00
231,4,35,303,a,1,2026-05-20 14:09:00
232,4,35,232,a,1,2026-05-20 14:15:00
233,4,35,331,a,1,2026-05-20 14:03:00
234,4,35,298,a,1,2026-05-20 14:15:00
235,4,35,165,d,1,2026-05-20 14:07:00
236,4,35,53,c,1,2026-05-20 14:15:00
237,4,35,21,b,0,2026-05-20 14:06:00
238,4,35,268,b,1,2026-05-20 14:17:00
239,4,35,210,c,1,2026-05-20 14:13:00
240,4,35,34,c,0,2026-05-20 14:11:00
241,4,37,67,a,1,2026-07-14 21:13:00
242,4,37,417,b,1,2026-07-14 21:11:00
243,4,37,48,d,1,2026-07-14 21:17:00
244,4,37,93,b,0,2026-07-14 21:10:00
245,4,37,116,b,1,2026-07-14 21:07:00
246,4,38,449,b,0,2026-08-07 17:11:00
247,4,38,426,b,0,2026-08-07 17:06:00
248,4,38,347,b,0,2026-08-07 17:12:00
249,4,38,120,b,0,2026-08-07 17:15:00
250,4,38,463,b,1,2026-08-07 17:16:00
251,4,38,237,c,1,2026-08-07 17:15:00
252,4,38,495,b,0,2026-08-07 17:14:00
253,4,38,447,c,0,2026-08-07 17:05:00
254,4,38,284,a,1,2026-08-07 17:12:00
255,4,38,146,a,0,2026-08-07 17:04:00
256,4,38,76,d,0,2026-08-07 17:17:00
257,4,38,453,c,1,2026-08-07 17:15:00
258,4,38,258,c,0,2026-08-07 17:13:00
259,4,38,115,a,1,2026-08-07 17:12:00
260,4,38,406,b,1,2026-08-07 17:11:00
261,4,39,132,b,1,2026-05-18 22:01:00
262,4,39,271,d,0,2026-05-18 22:20:00
263,4,39,63,a,1,2026-05-18 22:10:00
264,4,39,235,a,1,2026-05-18 22:20:00
265,4,39,275,a,1,2026-05-18 22:20:00
266,4,39,150,d,1,2026-05-18 22:05:00
267,4,39,214,b,1,2026-05-18 22:19:00
268,4,39,35,a,0,2026-05-18 22:12:00
269,4,39,192,c,1,2026-05-18 22:13:00
270,4,39,177,b,0,2026-05-18 22:03:00
271,4,39,377,c,0,2026-05-18 22:19:00
272,4,39,417,b,1,2026-05-18 22:11:00
273,4,39,324,b,0,2026-05-18 22:16:00
274,4,39,19,c,0,2026-05-18 22:15:00
275,4,39,162,c,1,2026-05-18 22:02:00
276,5,40,381,d,0,2026-07-23 10:13:00
277,5,40,255,d,0,2026-07-23 10:06:00
278,5,40,411,a,1,2026-07-23 10:09:00
279,5,40,422,b,0,2026-07-23 10:20:00
280,5,40,168,c,1,2026-07-23 10:03:00
281,5,41,223,c,1,2026-06-26 11:20:00
282,5,41,39,d,1,2026-06-26 11:02:00
283,5,41,488,a,1,2026-06-26 11:06:00
284,5,41,18,b,1,2026-06-26 11:15:00
285,5,41,186,d,1,2026-06-26 11:12:00
286,5,41,348,d,0,2026-06-26 11:05:00
287,5,41,294,b,0,2026-06-26 11:03:00
288,5,41,128,a,1,2026-06-26 11:09:00
289,5,41,199,a,1,2026-06-26 11:17:00
290,5,41,110,c,1,2026-06-26 11:15:00
291,5,41,63,b,1,2026-06-26 11:07:00
292,5,41,45,c,0,2026-06-26 11:15:00
293,5,41,278,c,1,2026-06-26 11:18:00
294,5,41,407,c,0,2026-06-26 11:06:00
295,5,41,406,b,0,2026-06-26 11:07:00
296,5,42,453,a,0,2026-07-10 18:20:00
297,5,42,270,d,1,2026-07-10 18:16:00
298,5,42,65,c,1,2026-07-10 18:03:00
299,5,42,177,b,0,2026-07-10 18:17:00
300,5,42,94,b,0,2026-07-10 18:19:00
301,5,42,426,a,1,2026-07-10 18:02:00
302,5,42,166,b,1,2026-07-10 18:06:00
303,5,42,434,a,1,2026-07-10 18:10:00
304,5,42,141,b,1,2026-07-10 18:18:00
305,5,42,258,b,1,2026-07-10 18:03:00
306,5,44,393,d,1,2026-05-04 02:07:00
307,5,44,149,c,0,2026-05-04 02:18:00
308,5,44,153,d,1,2026-05-04 02:13:00
309,5,44,213,d,1,2026-05-04 02:15:00
310,5,44,161,c,1,2026-05-04 02:05:00
311,5,45,137,d,1,2026-08-06 11:04:00
312,5,45,485,d,1,2026-08-06 11:10:00
313,5,45,417,c,0,2026-08-06 11:06:00
314,5,45,391,b,0,2026-08-06 11:07:00
315,5,45,451,c,1,2026-08-06 11:16:00
316,5,46,306,d,1,2026-06-28 07:16:00
317,5,46,221,b,1,2026-06-28 07:04:00
318,5,46,188,a,0,2026-06-28 07:13:00
319,5,46,186,c,1,2026-06-28 07:07:00
320,5,46,144,a,1,2026-06-28 07:18:00
321,5,46,407,c,1,2026-06-28 07:12:00
322,5,46,102,d,1,2026-06-28 07:05:00
323,5,46,366,c,0,2026-06-28 07:05:00
324,5,46,311,b,0,2026-06-28 07:05:00
325,5,46,202,c,1,2026-06-28 07:06:00
326,5,46,273,d,1,2026-06-28 07:17:00
327,5,46,189,c,0,2026-06-28 07:01:00
328,5,46,158,a,1,2026-06-28 07:19:00
329,5,46,296,b,0,2026-06-28 07:19:00
330,5,46,269,d,0,2026-06-28 07:06:00
331,5,47,354,b,1,2026-07-29 03:14:00
332,5,47,447,a,1,2026-07-29 03:16:00
333,5,47,167,d,0,2026-07-29 03:18:00
334,5,47,236,c,1,2026-07-29 03:06:00
335,5,47,313,d,1,2026-07-29 03:09:00
336,5,47,153,b,1,2026-07-29 03:18:00
337,5,47,361,b,0,2026-07-29 03:10:00
338,5,47,179,c,0,2026-07-29 03:16:00
339,5,47,195,d,1,2026-07-29 03:18:00
340,5,47,149,a,1,2026-07-29 03:05:00
341,5,47,474,d,1,2026-07-29 03:12:00
342,5,47,104,c,1,2026-07-29 03:07:00
343,5,47,56,b,0,2026-07-29 03:05:00
344,5,47,116,b,1,2026-07-29 03:17:00
345,5,47,52,b,1,2026-07-29 03:16:00
346,5,48,331,a,0,2026-06-30 15:10:00
347,5,48,119,a,0,2026-06-30 15:19:00
348,5,48,479,a,0,2026-06-30 15:06:00
349,5,48,96,c,0,2026-06-30 15:16:00
350,5,48,309,a,0,2026-06-30 15:19:00
351,5,48,329,d,0,2026-06-30 15:15:00
352,5,48,240,c,0,2026-06-30 15:17:00
353,5,48,375,d,1,2026-06-30 15:06:00
354,5,48,378,c,1,2026-06-30 15:01:00
355,5,48,90,d,0,2026-06-30 15:07:00
356,5,48,206,a,0,2026-06-30 15:03:00
357,5,48,480,b,1,2026-06-30 15:11:00
358,5,48,386,c,1,2026-06-30 15:15:00
359,5,48,6,c,0,2026-06-30 15:19:00
360,5,48,342,a,1,2026-06-30 15:02:00
361,5,49,189,b,1,2026-07-04 22:10:00
362,5,49,233,c,1,2026-07-04 22:05:00
363,5,49,388,b,1,2026-07-04 22:16:00
364,5,49,448,a,0,2026-07-04 22:20:00
365,5,49,40,a,1,2026-07-04 22:12:00
366,5,49,104,b,1,2026-07-04 22:17:00
367,5,49,60,b,1,2026-07-04 22:15:00
368,5,49,229,a,0,2026-07-04 22:17:00
369,5,49,289,a,1,2026-07-04 22:15:00
370,5,49,371,a,1,2026-07-04 22:10:00
371,5,49,297,a,1,2026-07-04 22:07:00
372,5,49,278,a,1,2026-07-04 22:03:00
373,5,49,17,c,0,2026-07-04 22:16:00
374,5,49,192,d,1,2026-07-04 22:14:00
375,5,49,193,a,1,2026-07-04 22:13:00
376,6,51,127,d,1,2026-06-29 21:08:00
377,6,51,17,d,1,2026-06-29 21:04:00
378,6,51,124,b,1,2026-06-29 21:01:00
379,6,51,307,a,1,2026-06-29 21:15:00
380,6,51,120,b,1,2026-06-29 21:15:00
381,6,51,258,c,1,2026-06-29 21:05:00
382,6,51,164,c,1,2026-06-29 21:19:00
383,6,51,114,d,1,2026-06-29 21:17:00
384,6,51,451,b,1,2026-06-29 21:19:00
385,6,51,25,c,0,2026-06-29 21:16:00
386,6,52,243,b,1,2026-07-29 13:18:00
387,6,52,413,d,0,2026-07-29 13:05:00
388,6,52,286,b,0,2026-07-29 13:14:00
389,6,52,332,a,1,2026-07-29 13:11:00
390,6,52,275,b,0,2026-07-29 13:03:00
391,6,52,309,a,1,2026-07-29 13:20:00
392,6,52,371,b,0,2026-07-29 13:19:00
393,6,52,156,a,1,2026-07-29 13:11:00
394,6,52,383,d,1,2026-07-29 13:04:00
395,6,52,204,b,0,2026-07-29 13:07:00
396,6,53,239,a,1,2026-07-08 20:16:00
397,6,53,469,b,0,2026-07-08 20:11:00
398,6,53,443,b,1,2026-07-08 20:19:00
399,6,53,479,d,0,2026-07-08 20:18:00
400,6,53,195,b,1,2026-07-08 20:08:00
401,6,53,132,d,1,2026-07-08 20:11:00
402,6,53,236,b,0,2026-07-08 20:16:00
403,6,53,369,d,0,2026-07-08 20:05:00
404,6,53,269,a,1,2026-07-08 20:02:00
405,6,53,392,a,0,2026-07-08 20:02:00
406,6,54,468,d,0,2026-05-20 00:20:00
407,6,54,283,d,0,2026-05-20 00:18:00
408,6,54,275,c,1,2026-05-20 00:09:00
409,6,54,413,b,1,2026-05-20 00:14:00
410,6,54,124,b,1,2026-05-20 00:05:00
411,6,54,137,d,0,2026-05-20 00:12:00
412,6,54,290,b,1,2026-05-20 00:15:00
413,6,54,335,a,0,2026-05-20 00:03:00
414,6,54,244,a,1,2026-05-20 00:18:00
415,6,54,256,d,1,2026-05-20 00:03:00
416,6,54,459,a,0,2026-05-20 00:04:00
417,6,54,244,c,1,2026-05-20 00:19:00
418,6,54,461,a,1,2026-05-20 00:09:00
419,6,54,493,b,1,2026-05-20 00:01:00
420,6,54,476,a,1,2026-05-20 00:13:00
421,6,55,257,c,0,2026-07-26 17:03:00
422,6,55,175,d,1,2026-07-26 17:03:00
423,6,55,402,d,0,2026-07-26 17:09:00
424,6,55,222,b,1,2026-07-26 17:13:00
425,6,55,396,c,1,2026-07-26 17:03:00
426,6,55,138,b,0,2026-07-26 17:03:00
427,6,55,379,d,1,2026-07-26 17:05:00
428,6,55,483,c,1,2026-07-26 17:01:00
429,6,55,68,a,1,2026-07-26 17:04:00
430,6,55,263,d,1,2026-07-26 17:18:00
431,6,56,212,d,1,2026-05-12 19:10:00
432,6,56,464,b,0,2026-05-12 19:18:00
433,6,56,87,b,0,2026-05-12 19:13:00
434,6,56,33,b,1,2026-05-12 19:05:00
435,6,56,401,a,1,2026-05-12 19:16:00
436,6,56,305,b,1,2026-05-12 19:16:00
437,6,56,486,d,1,2026-05-12 19:01:00
438,6,56,226,c,1,2026-05-12 19:11:00
439,6,56,70,c,1,2026-05-12 19:20:00
440,6,56,246,c,1,2026-05-12 19:07:00
441,6,56,150,d,1,2026-05-12 19:11:00
442,6,56,193,c,0,2026-05-12 19:11:00
443,6,56,478,b,0,2026-05-12 19:04:00
444,6,56,14,d,1,2026-05-12 19:18:00
445,6,56,426,a,0,2026-05-12 19:10:00
446,6,57,405,d,1,2026-05-18 20:14:00
447,6,57,299,d,1,2026-05-18 20:16:00
448,6,57,279,a,1,2026-05-18 20:14:00
449,6,57,305,a,0,2026-05-18 20:18:00
450,6,57,86,a,1,2026-05-18 20:12:00
451,6,57,496,c,1,2026-05-18 20:13:00
452,6,57,51,c,0,2026-05-18 20:01:00
453,6,57,298,b,1,2026-05-18 20:18:00
454,6,57,354,b,1,2026-05-18 20:19:00
455,6,57,152,d,1,2026-05-18 20:04:00
456,6,58,179,d,1,2026-05-19 11:16:00
457,6,58,164,a,1,2026-05-19 11:15:00
458,6,58,12,c,1,2026-05-19 11:04:00
459,6,58,477,b,1,2026-05-19 11:06:00
460,6,58,287,d,1,2026-05-19 11:11:00
461,6,58,323,b,0,2026-05-19 11:13:00
462,6,58,15,b,1,2026-05-19 11:13:00
463,6,58,361,b,1,2026-05-19 11:01:00
464,6,58,296,a,1,2026-05-19 11:03:00
465,6,58,167,b,0,2026-05-19 11:12:00
466,6,58,271,c,1,2026-05-19 11:16:00
467,6,58,59,c,1,2026-05-19 11:19:00
468,6,58,417,c,1,2026-05-19 11:06:00
469,6,58,161,a,0,2026-05-19 11:05:00
470,6,58,356,b,1,2026-05-19 11:12:00
471,6,59,285,b,1,2026-07-13 12:06:00
472,6,59,432,d,0,2026-07-13 12:11:00
473,6,59,249,b,1,2026-07-13 12:01:00
474,6,59,259,d,1,2026-07-13 12:18:00
475,6,59,251,b,1,2026-07-13 12:15:00
476,7,60,282,a,1,2026-06-06 05:16:00
477,7,60,422,c,0,2026-06-06 05:18:00
478,7,60,280,b,1,2026-06-06 05:15:00
479,7,60,153,a,0,2026-06-06 05:08:00
480,7,60,225,a,1,2026-06-06 05:03:00
481,7,60,353,c,0,2026-06-06 05:19:00
482,7,60,85,b,0,2026-06-06 05:14:00
483,7,60,292,c,1,2026-06-06 05:02:00
484,7,60,166,c,1,2026-06-06 05:06:00
485,7,60,461,a,1,2026-06-06 05:17:00
486,7,60,471,a,1,2026-06-06 05:14:00
487,7,60,360,b,0,2026-06-06 05:05:00
488,7,60,390,d,1,2026-06-06 05:08:00
489,7,60,322,d,1,2026-06-06 05:09:00
490,7,60,207,c,1,2026-06-06 05:03:00
491,7,61,326,c,0,2026-06-11 18:15:00
492,7,61,112,d,0,2026-06-11 18:13:00
493,7,61,425,c,0,2026-06-11 18:11:00
494,7,61,437,d,1,2026-06-11 18:19:00
495,7,61,24,a,1,2026-06-11 18:02:00
496,7,61,64,b,1,2026-06-11 18:01:00
497,7,61,104,b,0,2026-06-11 18:14:00
498,7,61,48,c,0,2026-06-11 18:09:00
499,7,61,27,d,1,2026-06-11 18:06:00
500,7,61,220,a,1,2026-06-11 18:08:00
501,7,62,357,c,1,2026-05-10 04:01:00
502,7,62,356,b,1,2026-05-10 04:14:00
503,7,62,375,a,1,2026-05-10 04:03:00
504,7,62,71,d,1,2026-05-10 04:10:00
505,7,62,329,b,1,2026-05-10 04:05:00
506,7,62,333,b,1,2026-05-10 04:20:00
507,7,62,471,d,1,2026-05-10 04:05:00
508,7,62,45,a,1,2026-05-10 04:07:00
509,7,62,180,d,1,2026-05-10 04:13:00
510,7,62,331,a,1,2026-05-10 04:09:00
511,8,63,254,d,1,2026-07-17 16:08:00
512,8,63,37,a,1,2026-07-17 16:20:00
513,8,63,199,d,0,2026-07-17 16:05:00
514,8,63,489,a,1,2026-07-17 16:16:00
515,8,63,111,a,1,2026-07-17 16:09:00
516,8,63,260,c,0,2026-07-17 16:13:00
517,8,63,217,d,1,2026-07-17 16:14:00
518,8,63,79,c,1,2026-07-17 16:20:00
519,8,63,499,b,1,2026-07-17 16:07:00
520,8,63,159,d,1,2026-07-17 16:03:00
521,8,63,126,a,1,2026-07-17 16:02:00
522,8,63,312,a,0,2026-07-17 16:20:00
523,8,63,62,a,1,2026-07-17 16:06:00
524,8,63,255,c,1,2026-07-17 16:06:00
525,8,63,86,c,1,2026-07-17 16:09:00
526,8,64,365,a,1,2026-08-07 00:09:00
527,8,64,256,b,1,2026-08-07 00:02:00
528,8,64,458,a,1,2026-08-07 00:04:00
529,8,64,440,a,1,2026-08-07 00:02:00
530,8,64,472,b,1,2026-08-07 00:13:00
531,8,65,139,a,1,2026-08-03 20:11:00
532,8,65,92,b,0,2026-08-03 20:02:00
533,8,65,36,d,1,2026-08-03 20:13:00
534,8,65,168,a,0,2026-08-03 20:10:00
535,8,65,150,c,0,2026-08-03 20:07:00
536,8,65,303,d,0,2026-08-03 20:12:00
537,8,65,390,b,0,2026-08-03 20:18:00
538,8,65,120,c,1,2026-08-03 20:01:00
539,8,65,487,c,1,2026-08-03 20:01:00
540,8,65,54,b,1,2026-08-03 20:10:00
541,8,65,493,a,0,2026-08-03 20:16:00
542,8,65,48,a,0,2026-08-03 20:09:00
543,8,65,212,c,0,2026-08-03 20:17:00
544,8,65,49,b,1,2026-08-03 20:19:00
545,8,65,291,a,0,2026-08-03 20:19:00
546,8,67,400,a,1,2026-06-11 10:05:00
547,8,67,161,d,1,2026-06-11 10:15:00
548,8,67,232,c,1,2026-06-11 10:07:00
549,8,67,81,c,1,2026-06-11 10:03:00
550,8,67,111,c,0,2026-06-11 10:02:00
551,8,67,203,a,1,2026-06-11 10:12:00
552,8,67,16,d,0,2026-06-11 10:06:00
553,8,67,128,a,0,2026-06-11 10:18:00
554,8,67,63,a,1,2026-06-11 10:05:00
555,8,67,67,b,1,2026-06-11 10:08:00
556,8,67,299,c,0,2026-06-11 10:03:00
557,8,67,102,d,0,2026-06-11 10:03:00
558,8,67,63,a,0,2026-06-11 10:11:00
559,8,67,222,d,0,2026-06-11 10:19:00
560,8,67,89,c,1,2026-06-11 10:14:00
561,8,68,256,d,0,2026-06-27 04:10:00
562,8,68,144,d,0,2026-06-27 04:03:00
563,8,68,128,a,1,2026-06-27 04:17:00
564,8,68,246,d,0,2026-06-27 04:12:00
565,8,68,199,c,1,2026-06-27 04:11:00
566,8,68,16,c,1,2026-06-27 04:08:00
567,8,68,184,b,1,2026-06-27 04:17:00
568,8,68,137,a,0,2026-06-27 04:08:00
569,8,68,434,d,1,2026-06-27 04:19:00
570,8,68,91,b,1,2026-06-27 04:06:00
571,8,69,289,b,1,2026-07-15 00:05:00
572,8,69,278,c,0,2026-07-15 00:16:00
573,8,69,120,b,1,2026-07-15 00:02:00
574,8,69,470,b,1,2026-07-15 00:11:00
575,8,69,471,c,0,2026-07-15 00:06:00
576,8,69,397,a,1,2026-07-15 00:05:00
577,8,69,192,d,0,2026-07-15 00:03:00
578,8,69,70,b,0,2026-07-15 00:11:00
579,8,69,333,c,0,2026-07-15 00:16:00
580,8,69,403,c,1,2026-07-15 00:20:00
581,8,70,201,a,1,2026-06-09 23:19:00
582,8,70,114,a,1,2026-06-09 23:20:00
583,8,70,122,c,0,2026-06-09 23:03:00
584,8,70,421,c,0,2026-06-09 23:03:00
585,8,70,355,a,1,2026-06-09 23:08:00
586,8,70,25,d,1,2026-06-09 23:01:00
587,8,70,453,d,1,2026-06-09 23:06:00
588,8,70,193,a,1,2026-06-09 23:18:00
589,8,70,334,b,0,2026-06-09 23:19:00
590,8,70,151,a,1,2026-06-09 23:02:00
591,8,71,174,d,1,2026-05-22 12:03:00
592,8,71,311,d,0,2026-05-22 12:06:00
593,8,71,499,b,1,2026-05-22 12:07:00
594,8,71,136,c,1,2026-05-22 12:18:00
595,8,71,293,d,1,2026-05-22 12:13:00
596,8,71,45,c,1,2026-05-22 12:14:00
597,8,71,103,a,0,2026-05-22 12:16:00
598,8,71,42,d,1,2026-05-22 12:10:00
599,8,71,242,d,0,2026-05-22 12:13:00
600,8,71,199,b,0,2026-05-22 12:18:00
601,8,72,289,a,1,2026-06-27 01:09:00
602,8,72,44,c,1,2026-06-27 01:04:00
603,8,72,117,a,0,2026-06-27 01:19:00
604,8,72,495,d,0,2026-06-27 01:14:00
605,8,72,41,d,0,2026-06-27 01:10:00
606,8,73,487,d,1,2026-07-13 16:04:00
607,8,73,414,b,1,2026-07-13 16:07:00
608,8,73,104,b,1,2026-07-13 16:14:00
609,8,73,45,d,0,2026-07-13 16:03:00
610,8,73,267,d,1,2026-07-13 16:09:00
611,8,73,301,d,0,2026-07-13 16:20:00
612,8,73,302,a,1,2026-07-13 16:19:00
613,8,73,403,c,0,2026-07-13 16:04:00
614,8,73,136,d,0,2026-07-13 16:14:00
615,8,73,20,b,1,2026-07-13 16:16:00
616,8,73,349,d,1,2026-07-13 16:20:00
617,8,73,354,b,1,2026-07-13 16:11:00
618,8,73,460,c,1,2026-07-13 16:09:00
619,8,73,160,c,1,2026-07-13 16:10:00
620,8,73,498,b,0,2026-07-13 16:04:00
621,8,74,468,d,0,2026-06-04 23:07:00
622,8,74,421,a,1,2026-06-04 23:12:00
623,8,74,364,d,0,2026-06-04 23:10:00
624,8,74,15,b,1,2026-06-04 23:19:00
625,8,74,128,a,1,2026-06-04 23:02:00
626,8,74,141,c,1,2026-06-04 23:07:00
627,8,74,349,a,0,2026-06-04 23:04:00
628,8,74,91,d,1,2026-06-04 23:15:00
629,8,74,429,c,0,2026-06-04 23:06:00
630,8,74,15,d,0,2026-06-04 23:10:00
631,9,75,243,b,1,2026-06-04 20:01:00
632,9,75,115,c,1,2026-06-04 20:01:00
633,9,75,217,d,1,2026-06-04 20:09:00
634,9,75,239,c,0,2026-06-04 20:07:00
635,9,75,300,a,1,2026-06-04 20:13:00
636,9,76,142,c,0,2026-07-16 19:11:00
637,9,76,97,b,0,2026-07-16 19:10:00
638,9,76,413,d,1,2026-07-16 19:02:00
639,9,76,336,d,1,2026-07-16 19:01:00
640,9,76,208,d,0,2026-07-16 19:14:00
641,9,76,418,b,0,2026-07-16 19:19:00
642,9,76,327,d,1,2026-07-16 19:18:00
643,9,76,154,b,0,2026-07-16 19:17:00
644,9,76,151,a,0,2026-07-16 19:06:00
645,9,76,391,b,1,2026-07-16 19:18:00
646,9,76,114,c,0,2026-07-16 19:03:00
647,9,76,404,c,1,2026-07-16 19:14:00
648,9,76,436,a,1,2026-07-16 19:15:00
649,9,76,298,a,1,2026-07-16 19:19:00
650,9,76,445,d,1,2026-07-16 19:04:00
651,9,77,74,c,0,2026-05-18 06:15:00
652,9,77,250,c,0,2026-05-18 06:03:00
653,9,77,3,d,0,2026-05-18 06:02:00
654,9,77,296,b,1,2026-05-18 06:06:00
655,9,77,67,d,1,2026-05-18 06:03:00
656,9,78,457,c,1,2026-06-19 00:01:00
657,9,78,347,a,0,2026-06-19 00:01:00
658,9,78,160,b,0,2026-06-19 00:12:00
659,9,78,86,a,1,2026-06-19 00:10:00
660,9,78,234,c,0,2026-06-19 00:10:00
661,9,78,176,d,1,2026-06-19 00:05:00
662,9,78,10,b,1,2026-06-19 00:13:00
663,9,78,376,a,1,2026-06-19 00:07:00
664,9,78,365,a,0,2026-06-19 00:12:00
665,9,78,320,a,1,2026-06-19 00:18:00
666,9,79,281,c,1,2026-07-23 00:04:00
667,9,79,155,d,1,2026-07-23 00:01:00
668,9,79,319,b,1,2026-07-23 00:09:00
669,9,79,369,a,1,2026-07-23 00:17:00
670,9,79,102,b,1,2026-07-23 00:16:00
671,9,80,170,b,1,2026-06-22 09:16:00
672,9,80,428,d,1,2026-06-22 09:04:00
673,9,80,39,a,1,2026-06-22 09:17:00
674,9,80,152,c,0,2026-06-22 09:15:00
675,9,80,448,a,0,2026-06-22 09:06:00
676,9,80,219,a,0,2026-06-22 09:11:00
677,9,80,5,b,1,2026-06-22 09:02:00
678,9,80,458,d,0,2026-06-22 09:12:00
679,9,80,191,c,0,2026-06-22 09:03:00
680,9,80,140,d,1,2026-06-22 09:15:00
681,9,80,333,b,0,2026-06-22 09:14:00
682,9,80,483,b,1,2026-06-22 09:02:00
683,9,80,411,d,1,2026-06-22 09:16:00
684,9,80,314,a,1,2026-06-22 09:12:00
685,9,80,248,d,0,2026-06-22 09:05:00
686,9,81,393,b,1,2026-05-09 08:17:00
687,9,81,266,a,0,2026-05-09 08:11:00
688,9,81,178,d,1,2026-05-09 08:16:00
689,9,81,28,a,1,2026-05-09 08:20:00
690,9,81,437,d,0,2026-05-09 08:16:00
691,9,83,411,d,0,2026-07-10 20:15:00
692,9,83,61,d,1,2026-07-10 20:11:00
693,9,83,212,a,0,2026-07-10 20:13:00
694,9,83,406,c,0,2026-07-10 20:03:00
695,9,83,487,c,0,2026-07-10 20:15:00
696,9,84,367,d,1,2026-06-12 17:12:00
697,9,84,2,c,1,2026-06-12 17:08:00
698,9,84,281,c,1,2026-06-12 17:10:00
699,9,84,253,b,0,2026-06-12 17:06:00
700,9,84,55,c,0,2026-06-12 17:14:00
701,9,84,111,d,0,2026-06-12 17:13:00
702,9,84,56,d,0,2026-06-12 17:11:00
703,9,84,64,d,1,2026-06-12 17:19:00
704,9,84,69,d,1,2026-06-12 17:17:00
705,9,84,479,d,1,2026-06-12 17:18:00
706,9,85,311,c,0,2026-07-28 18:20:00
707,9,85,469,b,1,2026-07-28 18:20:00
708,9,85,232,b,1,2026-07-28 18:10:00
709,9,85,154,c,1,2026-07-28 18:17:00
710,9,85,103,b,1,2026-07-28 18:07:00
711,10,87,147,d,0,2026-07-01 18:18:00
712,10,87,196,b,0,2026-07-01 18:01:00
713,10,87,385,b,1,2026-07-01 18:09:00
714,10,87,430,a,0,2026-07-01 18:05:00
715,10,87,17,c,0,2026-07-01 18:18:00
716,10,87,443,b,0,2026-07-01 18:18:00
717,10,87,262,c,0,2026-07-01 18:08:00
718,10,87,199,d,0,2026-07-01 18:13:00
719,10,87,495,a,0,2026-07-01 18:11:00
720,10,87,445,d,1,2026-07-01 18:20:00
721,10,87,387,b,1,2026-07-01 18:12:00
722,10,87,230,b,1,2026-07-01 18:10:00
723,10,87,377,a,0,2026-07-01 18:06:00
724,10,87,136,b,1,2026-07-01 18:18:00
725,10,87,170,d,1,2026-07-01 18:01:00
726,10,88,252,c,0,2026-06-11 19:10:00
727,10,88,113,b,1,2026-06-11 19:17:00
728,10,88,213,d,1,2026-06-11 19:06:00
729,10,88,340,c,1,2026-06-11 19:07:00
730,10,88,272,d,1,2026-06-11 19:20:00
731,10,89,491,a,1,2026-06-14 14:08:00
732,10,89,198,c,0,2026-06-14 14:04:00
733,10,89,421,c,1,2026-06-14 14:17:00
734,10,89,23,c,1,2026-06-14 14:16:00
735,10,89,43,a,0,2026-06-14 14:17:00
736,10,89,274,a,1,2026-06-14 14:18:00
737,10,89,443,d,0,2026-06-14 14:07:00
738,10,89,332,a,0,2026-06-14 14:14:00
739,10,89,368,c,0,2026-06-14 14:15:00
740,10,89,407,c,1,2026-06-14 14:06:00
741,10,89,467,c,1,2026-06-14 14:08:00
742,10,89,222,c,1,2026-06-14 14:13:00
743,10,89,4,a,1,2026-06-14 14:18:00
744,10,89,184,a,0,2026-06-14 14:03:00
745,10,89,45,c,1,2026-06-14 14:20:00
746,10,90,408,c,0,2026-07-24 00:13:00
747,10,90,491,a,0,2026-07-24 00:12:00
748,10,90,22,a,1,2026-07-24 00:04:00
749,10,90,485,a,1,2026-07-24 00:18:00
750,10,90,109,d,1,2026-07-24 00:12:00
751,10,90,83,b,0,2026-07-24 00:05:00
752,10,90,59,b,1,2026-07-24 00:07:00
753,10,90,436,d,1,2026-07-24 00:02:00
754,10,90,129,a,0,2026-07-24 00:03:00
755,10,90,183,b,1,2026-07-24 00:11:00
756,10,92,187,c,0,2026-06-12 19:19:00
757,10,92,127,b,0,2026-06-12 19:11:00
758,10,92,431,c,1,2026-06-12 19:09:00
759,10,92,237,d,1,2026-06-12 19:16:00
760,10,92,56,b,1,2026-06-12 19:18:00
761,10,92,440,b,0,2026-06-12 19:09:00
762,10,92,373,a,0,2026-06-12 19:03:00
763,10,92,417,d,0,2026-06-12 19:01:00
764,10,92,283,c,0,2026-06-12 19:02:00
765,10,92,335,b,1,2026-06-12 19:16:00
766,10,93,6,b,1,2026-06-07 04:17:00
767,10,93,351,b,0,2026-06-07 04:20:00
768,10,93,92,b,0,2026-06-07 04:06:00
769,10,93,21,b,0,2026-06-07 04:12:00
770,10,93,190,b,0,2026-06-07 04:09:00
771,10,93,199,d,1,2026-06-07 04:12:00
772,10,93,333,c,0,2026-06-07 04:02:00
773,10,93,428,c,1,2026-06-07 04:09:00
774,10,93,335,d,1,2026-06-07 04:13:00
775,10,93,265,c,1,2026-06-07 04:03:00
776,10,93,208,c,1,2026-06-07 04:17:00
777,10,93,455,a,0,2026-06-07 04:16:00
778,10,93,118,a,0,2026-06-07 04:06:00
779,10,93,96,b,1,2026-06-07 04:05:00
780,10,93,339,b,1,2026-06-07 04:04:00
781,10,94,12,b,1,2026-07-01 21:14:00
782,10,94,69,a,1,2026-07-01 21:06:00
783,10,94,133,b,0,2026-07-01 21:06:00
784,10,94,327,a,1,2026-07-01 21:19:00
785,10,94,485,a,0,2026-07-01 21:10:00
786,10,95,320,c,1,2026-05-29 13:06:00
787,10,95,306,a,1,2026-05-29 13:15:00
788,10,95,9,b,1,2026-05-29 13:04:00
789,10,95,424,b,1,2026-05-29 13:14:00
790,10,95,308,a,0,2026-05-29 13:20:00
791,10,97,118,d,0,2026-06-25 16:14:00
792,10,97,412,a,0,2026-06-25 16:19:00
793,10,97,466,a,1,2026-06-25 16:08:00
794,10,97,132,b,1,2026-06-25 16:14:00
795,10,97,296,a,1,2026-06-25 16:01:00
796,10,97,353,c,1,2026-06-25 16:07:00
797,10,97,334,c,1,2026-06-25 16:14:00
798,10,97,188,c,1,2026-06-25 16:19:00
799,10,97,212,d,0,2026-06-25 16:07:00
800,10,97,130,c,1,2026-06-25 16:16:00
801,10,97,377,b,1,2026-06-25 16:13:00
802,10,97,229,b,0,2026-06-25 16:08:00
803,10,97,411,a,1,2026-06-25 16:11:00
804,10,97,412,a,1,2026-06-25 16:01:00
805,10,97,223,a,0,2026-06-25 16:20:00
806,10,98,147,a,0,2026-07-17 01:17:00
807,10,98,225,a,0,2026-07-17 01:16:00
808,10,98,147,b,1,2026-07-17 01:17:00
809,10,98,358,b,1,2026-07-17 01:17:00
810,10,98,123,a,1,2026-07-17 01:12:00
811,10,99,471,a,1,2026-06-15 21:03:00
812,10,99,469,c,1,2026-06-15 21:18:00
813,10,99,311,b,1,2026-06-15 21:08:00
814,10,99,134,b,1,2026-06-15 21:01:00
815,10,99,258,c,1,2026-06-15 21:03:00
816,10,99,490,c,1,2026-06-15 21:17:00
817,10,99,129,d,0,2026-06-15 21:19:00
818,10,99,388,c,0,2026-06-15 21:08:00
819,10,99,460,a,0,2026-06-15 21:15:00
820,10,99,325,b,1,2026-06-15 21:13:00
821,11,100,39,b,1,2026-06-03 07:11:00
822,11,100,138,b,1,2026-06-03 07:19:00
823,11,100,256,b,0,2026-06-03 07:07:00
824,11,100,106,b,1,2026-06-03 07:09:00
825,11,100,183,b,1,2026-06-03 07:20:00
826,11,100,347,d,0,2026-06-03 07:03:00
827,11,100,491,a,1,2026-06-03 07:18:00
828,11,100,253,c,0,2026-06-03 07:11:00
829,11,100,144,d,1,2026-06-03 07:17:00
830,11,100,270,d,1,2026-06-03 07:02:00
831,11,100,178,d,1,2026-06-03 07:17:00
832,11,100,500,a,0,2026-06-03 07:15:00
833,11,100,7,b,0,2026-06-03 07:01:00
834,11,100,314,c,1,2026-06-03 07:12:00
835,11,100,242,c,1,2026-06-03 07:09:00
836,11,101,93,b,1,2026-06-23 22:15:00
837,11,101,370,c,0,2026-06-23 22:04:00
838,11,101,101,b,0,2026-06-23 22:13:00
839,11,101,413,a,0,2026-06-23 22:16:00
840,11,101,274,c,1,2026-06-23 22:17:00
841,11,102,244,a,0,2026-07-12 01:09:00
842,11,102,185,c,1,2026-07-12 01:12:00
843,11,102,445,b,1,2026-07-12 01:12:00
844,11,102,90,c,1,2026-07-12 01:18:00
845,11,102,397,d,1,2026-07-12 01:16:00
846,11,102,238,b,0,2026-07-12 01:10:00
847,11,102,216,d,0,2026-07-12 01:11:00
848,11,102,176,b,0,2026-07-12 01:06:00
849,11,102,310,d,1,2026-07-12 01:09:00
850,11,102,383,d,1,2026-07-12 01:12:00
851,11,102,65,b,1,2026-07-12 01:01:00
852,11,102,108,b,1,2026-07-12 01:03:00
853,11,102,281,a,1,2026-07-12 01:16:00
854,11,102,54,c,1,2026-07-12 01:03:00
855,11,102,159,b,0,2026-07-12 01:13:00
856,11,103,441,c,1,2026-05-17 04:12:00
857,11,103,479,c,0,2026-05-17 04:18:00
858,11,103,91,d,0,2026-05-17 04:18:00
859,11,103,223,c,1,2026-05-17 04:19:00
860,11,103,413,a,0,2026-05-17 04:08:00
861,11,103,80,c,1,2026-05-17 04:09:00
862,11,103,177,c,1,2026-05-17 04:05:00
863,11,103,485,d,0,2026-05-17 04:16:00
864,11,103,306,b,1,2026-05-17 04:10:00
865,11,103,211,d,0,2026-05-17 04:07:00
866,11,103,425,d,1,2026-05-17 04:13:00
867,11,103,265,c,1,2026-05-17 04:08:00
868,11,103,212,b,1,2026-05-17 04:09:00
869,11,103,57,d,0,2026-05-17 04:10:00
870,11,103,252,b,0,2026-05-17 04:20:00
871,11,105,112,c,1,2026-07-31 14:16:00
872,11,105,191,d,1,2026-07-31 14:16:00
873,11,105,432,b,0,2026-07-31 14:03:00
874,11,105,279,d,1,2026-07-31 14:03:00
875,11,105,419,d,1,2026-07-31 14:09:00
876,12,106,243,d,0,2026-05-05 06:07:00
877,12,106,82,a,0,2026-05-05 06:11:00
878,12,106,130,d,0,2026-05-05 06:04:00
879,12,106,443,b,0,2026-05-05 06:02:00
880,12,106,167,a,0,2026-05-05 06:14:00
881,12,106,203,b,1,2026-05-05 06:04:00
882,12,106,353,b,1,2026-05-05 06:16:00
883,12,106,256,a,1,2026-05-05 06:06:00
884,12,106,31,c,0,2026-05-05 06:02:00
885,12,106,65,d,1,2026-05-05 06:04:00
886,12,106,413,d,1,2026-05-05 06:12:00
887,12,106,184,b,0,2026-05-05 06:13:00
888,12,106,287,c,1,2026-05-05 06:15:00
889,12,106,96,c,1,2026-05-05 06:19:00
890,12,106,469,b,1,2026-05-05 06:20:00
891,12,107,376,b,1,2026-06-03 17:13:00
892,12,107,398,b,0,2026-06-03 17:12:00
893,12,107,420,d,1,2026-06-03 17:18:00
894,12,107,79,c,1,2026-06-03 17:18:00
895,12,107,50,a,1,2026-06-03 17:04:00
896,12,107,448,a,1,2026-06-03 17:06:00
897,12,107,17,d,1,2026-06-03 17:04:00
898,12,107,132,a,1,2026-06-03 17:19:00
899,12,107,7,b,1,2026-06-03 17:03:00
900,12,107,240,a,1,2026-06-03 17:03:00
901,12,108,40,b,1,2026-05-08 19:10:00
902,12,108,273,d,0,2026-05-08 19:08:00
903,12,108,292,b,1,2026-05-08 19:08:00
904,12,108,393,c,1,2026-05-08 19:04:00
905,12,108,453,a,1,2026-05-08 19:14:00
906,12,108,259,c,1,2026-05-08 19:13:00
907,12,108,227,c,1,2026-05-08 19:20:00
908,12,108,433,c,0,2026-05-08 19:11:00
909,12,108,312,b,1,2026-05-08 19:11:00
910,12,108,475,c,0,2026-05-08 19:18:00
911,12,108,1,a,1,2026-05-08 19:13:00
912,12,108,70,c,0,2026-05-08 19:17:00
913,12,108,439,c,1,2026-05-08 19:07:00
914,12,108,471,b,1,2026-05-08 19:09:00
915,12,108,71,c,1,2026-05-08 19:05:00
916,12,109,371,c,0,2026-06-08 02:03:00
917,12,109,420,a,0,2026-06-08 02:19:00
918,12,109,196,a,0,2026-06-08 02:19:00
919,12,109,179,d,1,2026-06-08 02:11:00
920,12,109,383,a,1,2026-06-08 02:08:00
921,12,109,157,a,1,2026-06-08 02:02:00
922,12,109,258,b,1,2026-06-08 02:11:00
923,12,109,498,d,1,2026-06-08 02:13:00
924,12,109,114,d,0,2026-06-08 02:03:00
925,12,109,173,a,1,2026-06-08 02:05:00
926,13,110,102,d,1,2026-07-04 13:18:00
927,13,110,316,b,1,2026-07-04 13:18:00
928,13,110,166,a,1,2026-07-04 13:14:00
929,13,110,179,b,1,2026-07-04 13:12:00
930,13,110,395,c,1,2026-07-04 13:01:00
931,13,110,320,b,1,2026-07-04 13:15:00
932,13,110,103,c,1,2026-07-04 13:08:00
933,13,110,58,a,1,2026-07-04 13:03:00
934,13,110,445,c,1,2026-07-04 13:05:00
935,13,110,157,d,1,2026-07-04 13:04:00
936,13,111,319,b,1,2026-07-08 06:16:00
937,13,111,299,a,1,2026-07-08 06:13:00
938,13,111,405,c,1,2026-07-08 06:07:00
939,13,111,35,d,1,2026-07-08 06:01:00
940,13,111,443,a,1,2026-07-08 06:12:00
941,13,111,119,d,1,2026-07-08 06:13:00
942,13,111,249,a,1,2026-07-08 06:11:00
943,13,111,288,a,1,2026-07-08 06:15:00
944,13,111,171,d,1,2026-07-08 06:10:00
945,13,111,351,c,1,2026-07-08 06:12:00
946,13,111,142,a,1,2026-07-08 06:17:00
947,13,111,484,c,1,2026-07-08 06:01:00
948,13,111,337,b,1,2026-07-08 06:13:00
949,13,111,447,b,1,2026-07-08 06:20:00
950,13,111,497,c,1,2026-07-08 06:14:00
951,13,112,442,b,1,2026-05-17 06:07:00
952,13,112,466,b,1,2026-05-17 06:17:00
953,13,112,336,b,1,2026-05-17 06:05:00
954,13,112,95,c,1,2026-05-17 06:04:00
955,13,112,392,c,0,2026-05-17 06:01:00
956,13,112,156,d,0,2026-05-17 06:14:00
957,13,112,78,b,1,2026-05-17 06:09:00
958,13,112,316,c,1,2026-05-17 06:20:00
959,13,112,119,b,1,2026-05-17 06:20:00
960,13,112,69,d,0,2026-05-17 06:16:00
961,13,112,252,d,0,2026-05-17 06:13:00
962,13,112,210,a,1,2026-05-17 06:02:00
963,13,112,381,b,0,2026-05-17 06:08:00
964,13,112,444,d,0,2026-05-17 06:15:00
965,13,112,219,d,1,2026-05-17 06:08:00
966,13,114,276,d,1,2026-06-27 14:17:00
967,13,114,265,a,0,2026-06-27 14:13:00
968,13,114,397,c,1,2026-06-27 14:10:00
969,13,114,471,a,1,2026-06-27 14:20:00
970,13,114,425,d,1,2026-06-27 14:15:00
971,13,115,233,b,1,2026-07-29 17:06:00
972,13,115,355,b,0,2026-07-29 17:11:00
973,13,115,362,d,0,2026-07-29 17:04:00
974,13,115,373,b,0,2026-07-29 17:13:00
975,13,115,468,c,1,2026-07-29 17:06:00
976,13,115,84,b,1,2026-07-29 17:05:00
977,13,115,158,c,1,2026-07-29 17:14:00
978,13,115,321,b,1,2026-07-29 17:10:00
979,13,115,2,c,1,2026-07-29 17:07:00
980,13,115,279,a,1,2026-07-29 17:16:00
981,13,115,302,d,1,2026-07-29 17:07:00
982,13,115,308,a,1,2026-07-29 17:20:00
983,13,115,322,b,1,2026-07-29 17:20:00
984,13,115,19,b,1,2026-07-29 17:12:00
985,13,115,153,c,0,2026-07-29 17:20:00
986,13,116,294,b,1,2026-05-23 05:20:00
987,13,116,477,a,0,2026-05-23 05:12:00
988,13,116,460,d,1,2026-05-23 05:12:00
989,13,116,34,c,0,2026-05-23 05:18:00
990,13,116,169,d,0,2026-05-23 05:09:00
991,13,116,30,a,1,2026-05-23 05:20:00
992,13,116,45,d,1,2026-05-23 05:17:00
993,13,116,219,c,0,2026-05-23 05:10:00
994,13,116,182,b,1,2026-05-23 05:20:00
995,13,116,253,b,1,2026-05-23 05:16:00
996,13,117,410,d,1,2026-05-25 00:07:00
997,13,117,413,b,1,2026-05-25 00:18:00
998,13,117,131,a,1,2026-05-25 00:10:00
999,13,117,393,a,1,2026-05-25 00:11:00
1000,13,117,371,a,1,2026-05-25 00:13:00
1001,13,117,473,d,0,2026-05-25 00:11:00
1002,13,117,247,b,0,2026-05-25 00:05:00
1003,13,117,459,c,1,2026-05-25 00:18:00
1004,13,117,428,c,1,2026-05-25 00:02:00
1005,13,117,275,a,1,2026-05-25 00:18:00
1006,13,118,432,b,1,2026-05-20 08:18:00
1007,13,118,60,c,1,2026-05-20 08:20:00
1008,13,118,140,d,0,2026-05-20 08:02:00
1009,13,118,232,c,1,2026-05-20 08:12:00
1010,13,118,192,a,1,2026-05-20 08:04:00
1011,13,121,106,a,0,2026-08-07 03:05:00
1012,13,121,60,a,1,2026-08-07 03:17:00
1013,13,121,447,a,1,2026-08-07 03:20:00
1014,13,121,267,c,1,2026-08-07 03:04:00
1015,13,121,165,b,1,2026-08-07 03:07:00
1016,13,122,8,a,1,2026-08-07 14:04:00
1017,13,122,139,b,1,2026-08-07 14:11:00
1018,13,122,126,b,0,2026-08-07 14:19:00
1019,13,122,277,d,1,2026-08-07 14:11:00
1020,13,122,55,d,1,2026-08-07 14:02:00
1021,13,122,361,d,1,2026-08-07 14:06:00
1022,13,122,366,a,0,2026-08-07 14:07:00
1023,13,122,291,b,0,2026-08-07 14:15:00
1024,13,122,50,d,1,2026-08-07 14:15:00
1025,13,122,241,b,1,2026-08-07 14:15:00
1026,13,123,233,d,0,2026-06-16 12:11:00
1027,13,123,246,d,1,2026-06-16 12:12:00
1028,13,123,310,b,0,2026-06-16 12:12:00
1029,13,123,167,a,1,2026-06-16 12:04:00
1030,13,123,303,d,0,2026-06-16 12:13:00
1031,13,123,499,d,1,2026-06-16 12:06:00
1032,13,123,221,d,1,2026-06-16 12:19:00
1033,13,123,89,a,1,2026-06-16 12:08:00
1034,13,123,59,d,1,2026-06-16 12:16:00
1035,13,123,91,c,1,2026-06-16 12:15:00
1036,14,124,388,b,1,2026-07-24 01:01:00
1037,14,124,200,d,0,2026-07-24 01:10:00
1038,14,124,154,c,1,2026-07-24 01:11:00
1039,14,124,46,a,0,2026-07-24 01:12:00
1040,14,124,437,c,1,2026-07-24 01:05:00
1041,14,124,1,c,1,2026-07-24 01:02:00
1042,14,124,121,d,1,2026-07-24 01:01:00
1043,14,124,365,d,0,2026-07-24 01:11:00
1044,14,124,340,b,1,2026-07-24 01:07:00
1045,14,124,432,c,1,2026-07-24 01:13:00
1046,14,124,69,a,0,2026-07-24 01:05:00
1047,14,124,337,d,1,2026-07-24 01:16:00
1048,14,124,329,d,0,2026-07-24 01:05:00
1049,14,124,477,d,0,2026-07-24 01:20:00
1050,14,124,283,d,1,2026-07-24 01:14:00
1051,14,125,138,d,0,2026-07-17 00:17:00
1052,14,125,20,d,0,2026-07-17 00:02:00
1053,14,125,493,a,0,2026-07-17 00:16:00
1054,14,125,239,a,1,2026-07-17 00:09:00
1055,14,125,242,a,1,2026-07-17 00:08:00
1056,14,125,160,a,0,2026-07-17 00:19:00
1057,14,125,241,d,0,2026-07-17 00:01:00
1058,14,125,216,c,1,2026-07-17 00:11:00
1059,14,125,86,a,0,2026-07-17 00:10:00
1060,14,125,373,c,1,2026-07-17 00:10:00
1061,14,126,147,d,1,2026-07-13 01:01:00
1062,14,126,130,b,1,2026-07-13 01:09:00
1063,14,126,8,a,0,2026-07-13 01:09:00
1064,14,126,338,d,1,2026-07-13 01:05:00
1065,14,126,249,b,1,2026-07-13 01:08:00
1066,15,128,387,a,0,2026-05-22 06:09:00
1067,15,128,155,d,1,2026-05-22 06:16:00
1068,15,128,120,d,1,2026-05-22 06:18:00
1069,15,128,75,d,0,2026-05-22 06:09:00
1070,15,128,196,c,1,2026-05-22 06:15:00
1071,15,128,50,c,0,2026-05-22 06:02:00
1072,15,128,172,c,0,2026-05-22 06:09:00
1073,15,128,201,d,1,2026-05-22 06:19:00
1074,15,128,395,b,1,2026-05-22 06:19:00
1075,15,128,161,a,1,2026-05-22 06:06:00
1076,15,128,211,a,1,2026-05-22 06:01:00
1077,15,128,113,c,1,2026-05-22 06:12:00
1078,15,128,48,a,1,2026-05-22 06:20:00
1079,15,128,487,a,0,2026-05-22 06:07:00
1080,15,128,67,d,0,2026-05-22 06:20:00
1081,15,129,473,c,0,2026-05-24 08:15:00
1082,15,129,132,b,0,2026-05-24 08:11:00
1083,15,129,196,d,0,2026-05-24 08:02:00
1084,15,129,92,d,1,2026-05-24 08:09:00
1085,15,129,313,d,1,2026-05-24 08:07:00
1086,15,129,277,d,1,2026-05-24 08:05:00
1087,15,129,367,c,1,2026-05-24 08:15:00
1088,15,129,373,c,1,2026-05-24 08:19:00
1089,15,129,77,a,0,2026-05-24 08:16:00
1090,15,129,78,c,0,2026-05-24 08:09:00
1091,15,129,363,d,0,2026-05-24 08:17:00
1092,15,129,277,b,1,2026-05-24 08:03:00
1093,15,129,63,c,1,2026-05-24 08:16:00
1094,15,129,324,a,1,2026-05-24 08:02:00
1095,15,129,42,d,1,2026-05-24 08:11:00
1096,15,130,459,a,1,2026-05-23 17:13:00
1097,15,130,454,d,0,2026-05-23 17:03:00
1098,15,130,13,b,0,2026-05-23 17:07:00
1099,15,130,330,c,0,2026-05-23 17:18:00
1100,15,130,495,a,1,2026-05-23 17:15:00
1101,15,131,482,b,0,2026-05-06 12:15:00
1102,15,131,19,b,0,2026-05-06 12:03:00
1103,15,131,24,b,0,2026-05-06 12:20:00
1104,15,131,324,a,0,2026-05-06 12:06:00
1105,15,131,234,b,0,2026-05-06 12:04:00
1106,15,131,59,d,0,2026-05-06 12:04:00
1107,15,131,412,b,1,2026-05-06 12:03:00
1108,15,131,167,a,1,2026-05-06 12:13:00
1109,15,131,165,b,0,2026-05-06 12:05:00
1110,15,131,33,a,0,2026-05-06 12:11:00
1111,15,131,357,c,1,2026-05-06 12:06:00
1112,15,131,21,b,1,2026-05-06 12:19:00
1113,15,131,193,b,1,2026-05-06 12:20:00
1114,15,131,4,b,1,2026-05-06 12:01:00
1115,15,131,455,c,0,2026-05-06 12:19:00
1116,15,132,313,a,1,2026-05-27 04:06:00
1117,15,132,487,a,1,2026-05-27 04:20:00
1118,15,132,215,a,1,2026-05-27 04:12:00
1119,15,132,49,c,0,2026-05-27 04:17:00
1120,15,132,113,d,1,2026-05-27 04:17:00
1121,16,133,331,c,1,2026-07-27 15:02:00
1122,16,133,316,d,1,2026-07-27 15:11:00
1123,16,133,91,b,1,2026-07-27 15:18:00
1124,16,133,37,b,0,2026-07-27 15:04:00
1125,16,133,215,b,0,2026-07-27 15:11:00
1126,16,134,457,b,1,2026-06-11 07:13:00
1127,16,134,456,d,1,2026-06-11 07:02:00
1128,16,134,92,d,1,2026-06-11 07:15:00
1129,16,134,324,c,1,2026-06-11 07:07:00
1130,16,134,17,a,0,2026-06-11 07:05:00
1131,16,135,405,b,1,2026-06-23 05:06:00
1132,16,135,45,d,1,2026-06-23 05:08:00
1133,16,135,303,d,0,2026-06-23 05:07:00
1134,16,135,377,b,0,2026-06-23 05:14:00
1135,16,135,457,b,1,2026-06-23 05:08:00
1136,16,135,23,a,0,2026-06-23 05:14:00
1137,16,135,18,d,0,2026-06-23 05:17:00
1138,16,135,232,d,1,2026-06-23 05:04:00
1139,16,135,355,d,1,2026-06-23 05:01:00
1140,16,135,123,a,0,2026-06-23 05:10:00
1141,16,136,448,d,1,2026-06-28 18:05:00
1142,16,136,361,a,1,2026-06-28 18:15:00
1143,16,136,272,a,0,2026-06-28 18:11:00
1144,16,136,278,b,1,2026-06-28 18:20:00
1145,16,136,377,a,0,2026-06-28 18:11:00
1146,16,136,455,a,1,2026-06-28 18:12:00
1147,16,136,21,c,1,2026-06-28 18:20:00
1148,16,136,288,b,1,2026-06-28 18:03:00
1149,16,136,59,d,1,2026-06-28 18:18:00
1150,16,136,386,b,1,2026-06-28 18:07:00
1151,16,136,349,d,1,2026-06-28 18:17:00
1152,16,136,232,d,1,2026-06-28 18:12:00
1153,16,136,364,c,1,2026-06-28 18:16:00
1154,16,136,97,d,1,2026-06-28 18:03:00
1155,16,136,148,a,1,2026-06-28 18:06:00
1156,16,137,151,d,1,2026-05-19 15:01:00
1157,16,137,243,c,0,2026-05-19 15:05:00
1158,16,137,150,b,1,2026-05-19 15:01:00
1159,16,137,428,c,1,2026-05-19 15:08:00
1160,16,137,249,d,1,2026-05-19 15:11:00
1161,16,137,88,c,1,2026-05-19 15:10:00
1162,16,137,395,a,1,2026-05-19 15:10:00
1163,16,137,317,b,1,2026-05-19 15:06:00
1164,16,137,430,b,0,2026-05-19 15:06:00
1165,16,137,295,b,1,2026-05-19 15:11:00
1166,16,137,288,a,1,2026-05-19 15:07:00
1167,16,137,191,d,1,2026-05-19 15:05:00
1168,16,137,63,a,0,2026-05-19 15:10:00
1169,16,137,486,d,1,2026-05-19 15:05:00
1170,16,137,500,c,0,2026-05-19 15:18:00
1171,16,138,174,a,0,2026-08-05 18:15:00
1172,16,138,348,a,1,2026-08-05 18:05:00
1173,16,138,229,c,1,2026-08-05 18:08:00
1174,16,138,299,b,1,2026-08-05 18:07:00
1175,16,138,12,a,1,2026-08-05 18:07:00
1176,16,138,500,d,1,2026-08-05 18:03:00
1177,16,138,262,a,1,2026-08-05 18:20:00
1178,16,138,367,d,0,2026-08-05 18:05:00
1179,16,138,177,c,1,2026-08-05 18:10:00
1180,16,138,45,b,1,2026-08-05 18:18:00
1181,16,139,72,a,1,2026-06-26 09:14:00
1182,16,139,172,a,1,2026-06-26 09:17:00
1183,16,139,46,a,0,2026-06-26 09:13:00
1184,16,139,90,d,1,2026-06-26 09:14:00
1185,16,139,103,b,1,2026-06-26 09:05:00
1186,16,139,22,c,0,2026-06-26 09:16:00
1187,16,139,379,d,0,2026-06-26 09:18:00
1188,16,139,135,c,1,2026-06-26 09:05:00
1189,16,139,64,c,0,2026-06-26 09:16:00
1190,16,139,15,a,1,2026-06-26 09:08:00
1191,16,140,499,a,1,2026-08-04 11:16:00
1192,16,140,433,c,1,2026-08-04 11:01:00
1193,16,140,237,b,1,2026-08-04 11:11:00
1194,16,140,215,c,1,2026-08-04 11:12:00
1195,16,140,264,b,1,2026-08-04 11:03:00
1196,16,140,307,b,0,2026-08-04 11:04:00
1197,16,140,139,c,1,2026-08-04 11:10:00
1198,16,140,7,b,1,2026-08-04 11:05:00
1199,16,140,211,c,1,2026-08-04 11:16:00
1200,16,140,80,b,0,2026-08-04 11:07:00
1201,16,140,315,a,0,2026-08-04 11:18:00
1202,16,140,420,b,1,2026-08-04 11:04:00
1203,16,140,354,c,0,2026-08-04 11:10:00
1204,16,140,268,c,1,2026-08-04 11:20:00
1205,16,140,114,b,1,2026-08-04 11:04:00
1206,16,141,40,a,0,2026-06-09 04:04:00
1207,16,141,101,a,1,2026-06-09 04:02:00
1208,16,141,31,d,1,2026-06-09 04:19:00
1209,16,141,155,a,1,2026-06-09 04:03:00
1210,16,141,106,b,1,2026-06-09 04:20:00
1211,16,143,391,a,0,2026-07-04 23:19:00
1212,16,143,88,a,1,2026-07-04 23:10:00
1213,16,143,472,d,0,2026-07-04 23:07:00
1214,16,143,345,a,1,2026-07-04 23:15:00
1215,16,143,218,b,1,2026-07-04 23:13:00
1216,16,144,286,a,1,2026-05-16 14:10:00
1217,16,144,146,d,1,2026-05-16 14:13:00
1218,16,144,116,d,0,2026-05-16 14:15:00
1219,16,144,439,a,1,2026-05-16 14:07:00
1220,16,144,92,a,0,2026-05-16 14:12:00
1221,16,144,203,d,0,2026-05-16 14:04:00
1222,16,144,74,d,1,2026-05-16 14:04:00
1223,16,144,380,b,1,2026-05-16 14:04:00
1224,16,144,103,d,1,2026-05-16 14:11:00
1225,16,144,143,c,1,2026-05-16 14:16:00
1226,17,146,426,a,0,2026-07-02 15:02:00
1227,17,146,196,c,0,2026-07-02 15:06:00
1228,17,146,390,a,1,2026-07-02 15:04:00
1229,17,146,406,d,0,2026-07-02 15:16:00
1230,17,146,259,c,1,2026-07-02 15:16:00
1231,17,146,280,a,1,2026-07-02 15:18:00
1232,17,146,451,a,0,2026-07-02 15:14:00
1233,17,146,227,d,1,2026-07-02 15:13:00
1234,17,146,453,b,1,2026-07-02 15:10:00
1235,17,146,250,a,0,2026-07-02 15:13:00
1236,17,147,29,d,1,2026-07-27 17:17:00
1237,17,147,316,c,1,2026-07-27 17:13:00
1238,17,147,15,a,0,2026-07-27 17:02:00
1239,17,147,14,c,1,2026-07-27 17:19:00
1240,17,147,211,c,1,2026-07-27 17:12:00
1241,17,147,332,c,1,2026-07-27 17:08:00
1242,17,147,445,c,1,2026-07-27 17:03:00
1243,17,147,167,a,1,2026-07-27 17:18:00
1244,17,147,264,d,1,2026-07-27 17:19:00
1245,17,147,12,c,1,2026-07-27 17:19:00
1246,17,147,51,d,1,2026-07-27 17:19:00
1247,17,147,255,c,1,2026-07-27 17:11:00
1248,17,147,104,d,1,2026-07-27 17:14:00
1249,17,147,431,b,1,2026-07-27 17:03:00
1250,17,147,206,b,1,2026-07-27 17:19:00
1251,17,148,219,b,1,2026-05-13 18:16:00
1252,17,148,259,c,1,2026-05-13 18:10:00
1253,17,148,213,d,1,2026-05-13 18:07:00
1254,17,148,93,a,1,2026-05-13 18:18:00
1255,17,148,296,d,1,2026-05-13 18:06:00
1256,17,148,138,d,1,2026-05-13 18:15:00
1257,17,148,268,b,0,2026-05-13 18:02:00
1258,17,148,383,c,1,2026-05-13 18:05:00
1259,17,148,325,b,0,2026-05-13 18:03:00
1260,17,148,331,b,0,2026-05-13 18:10:00
1261,17,148,123,a,1,2026-05-13 18:13:00
1262,17,148,238,d,1,2026-05-13 18:10:00
1263,17,148,104,b,1,2026-05-13 18:02:00
1264,17,148,338,b,1,2026-05-13 18:09:00
1265,17,148,401,a,0,2026-05-13 18:16:00
1266,17,150,58,a,0,2026-07-24 02:08:00
1267,17,150,129,d,1,2026-07-24 02:17:00
1268,17,150,396,c,0,2026-07-24 02:04:00
1269,17,150,413,b,1,2026-07-24 02:13:00
1270,17,150,90,b,0,2026-07-24 02:04:00
1271,17,150,442,a,0,2026-07-24 02:09:00
1272,17,150,163,d,1,2026-07-24 02:04:00
1273,17,150,451,b,1,2026-07-24 02:09:00
1274,17,150,11,a,1,2026-07-24 02:10:00
1275,17,150,354,b,0,2026-07-24 02:02:00
1276,17,150,463,a,1,2026-07-24 02:12:00
1277,17,150,199,a,0,2026-07-24 02:15:00
1278,17,150,155,a,0,2026-07-24 02:09:00
1279,17,150,108,b,0,2026-07-24 02:10:00
1280,17,150,405,a,0,2026-07-24 02:14:00
1281,17,152,374,c,1,2026-05-13 05:20:00
1282,17,152,329,b,0,2026-05-13 05:02:00
1283,17,152,2,d,1,2026-05-13 05:05:00
1284,17,152,43,a,1,2026-05-13 05:19:00
1285,17,152,434,d,1,2026-05-13 05:05:00
1286,17,152,448,b,0,2026-05-13 05:16:00
1287,17,152,410,c,1,2026-05-13 05:11:00
1288,17,152,202,d,1,2026-05-13 05:06:00
1289,17,152,11,a,0,2026-05-13 05:08:00
1290,17,152,465,a,0,2026-05-13 05:08:00
1291,17,153,491,c,1,2026-05-22 01:03:00
1292,17,153,368,d,1,2026-05-22 01:01:00
1293,17,153,61,b,1,2026-05-22 01:16:00
1294,17,153,148,d,0,2026-05-22 01:09:00
1295,17,153,308,b,1,2026-05-22 01:07:00
1296,17,153,215,b,0,2026-05-22 01:07:00
1297,17,153,500,c,1,2026-05-22 01:10:00
1298,17,153,190,d,1,2026-05-22 01:08:00
1299,17,153,499,d,1,2026-05-22 01:11:00
1300,17,153,377,c,1,2026-05-22 01:14:00
1301,17,153,171,b,1,2026-05-22 01:02:00
1302,17,153,481,a,1,2026-05-22 01:20:00
1303,17,153,155,d,1,2026-05-22 01:13:00
1304,17,153,22,b,0,2026-05-22 01:18:00
1305,17,153,450,d,1,2026-05-22 01:11:00
1306,17,154,447,c,1,2026-06-25 04:16:00
1307,17,154,463,c,1,2026-06-25 04:10:00
1308,17,154,265,c,1,2026-06-25 04:09:00
1309,17,154,392,b,1,2026-06-25 04:16:00
1310,17,154,28,b,1,2026-06-25 04:15:00
1311,17,154,241,c,1,2026-06-25 04:02:00
1312,17,154,459,d,1,2026-06-25 04:04:00
1313,17,154,249,d,1,2026-06-25 04:18:00
1314,17,154,64,c,1,2026-06-25 04:05:00
1315,17,154,428,b,1,2026-06-25 04:06:00
1316,17,154,457,b,1,2026-06-25 04:19:00
1317,17,154,393,b,1,2026-06-25 04:17:00
1318,17,154,347,a,1,2026-06-25 04:16:00
1319,17,154,202,c,0,2026-06-25 04:04:00
1320,17,154,79,a,1,2026-06-25 04:11:00
1321,18,157,196,a,1,2026-07-22 09:20:00
1322,18,157,46,a,1,2026-07-22 09:13:00
1323,18,157,146,b,0,2026-07-22 09:13:00
1324,18,157,377,c,1,2026-07-22 09:14:00
1325,18,157,341,a,0,2026-07-22 09:12:00
1326,18,158,416,c,0,2026-06-19 15:14:00
1327,18,158,48,a,1,2026-06-19 15:14:00
1328,18,158,332,b,1,2026-06-19 15:08:00
1329,18,158,43,c,0,2026-06-19 15:17:00
1330,18,158,154,b,0,2026-06-19 15:16:00
1331,18,158,431,b,0,2026-06-19 15:10:00
1332,18,158,283,a,1,2026-06-19 15:02:00
1333,18,158,218,d,0,2026-06-19 15:17:00
1334,18,158,417,c,1,2026-06-19 15:19:00
1335,18,158,9,a,1,2026-06-19 15:17:00
1336,18,159,371,d,0,2026-06-20 01:19:00
1337,18,159,175,b,0,2026-06-20 01:09:00
1338,18,159,133,a,1,2026-06-20 01:20:00
1339,18,159,60,a,0,2026-06-20 01:13:00
1340,18,159,445,d,1,2026-06-20 01:13:00
1341,18,160,98,a,1,2026-07-28 21:01:00
1342,18,160,440,a,0,2026-07-28 21:07:00
1343,18,160,224,b,1,2026-07-28 21:08:00
1344,18,160,243,d,1,2026-07-28 21:05:00
1345,18,160,379,d,1,2026-07-28 21:05:00
1346,18,160,300,b,0,2026-07-28 21:15:00
1347,18,160,27,c,1,2026-07-28 21:13:00
1348,18,160,213,d,1,2026-07-28 21:14:00
1349,18,160,149,a,0,2026-07-28 21:18:00
1350,18,160,372,d,1,2026-07-28 21:19:00
1351,18,160,217,c,1,2026-07-28 21:01:00
1352,18,160,456,d,0,2026-07-28 21:14:00
1353,18,160,230,d,1,2026-07-28 21:12:00
1354,18,160,241,c,1,2026-07-28 21:07:00
1355,18,160,466,c,1,2026-07-28 21:19:00
1356,18,161,408,d,1,2026-08-01 22:12:00
1357,18,161,107,c,1,2026-08-01 22:20:00
1358,18,161,67,b,0,2026-08-01 22:16:00
1359,18,161,407,d,1,2026-08-01 22:04:00
1360,18,161,108,a,0,2026-08-01 22:08:00
1361,18,161,183,b,0,2026-08-01 22:09:00
1362,18,161,17,a,1,2026-08-01 22:17:00
1363,18,161,62,b,1,2026-08-01 22:08:00
1364,18,161,394,a,1,2026-08-01 22:12:00
1365,18,161,437,a,0,2026-08-01 22:05:00
1366,18,162,22,a,0,2026-05-14 19:18:00
1367,18,162,467,c,1,2026-05-14 19:07:00
1368,18,162,391,d,1,2026-05-14 19:15:00
1369,18,162,172,b,0,2026-05-14 19:12:00
1370,18,162,394,a,1,2026-05-14 19:14:00
1371,18,163,323,b,1,2026-07-04 05:12:00
1372,18,163,404,b,1,2026-07-04 05:14:00
1373,18,163,460,d,1,2026-07-04 05:14:00
1374,18,163,484,a,0,2026-07-04 05:12:00
1375,18,163,484,a,1,2026-07-04 05:17:00
1376,18,163,223,a,1,2026-07-04 05:06:00
1377,18,163,463,a,1,2026-07-04 05:05:00
1378,18,163,499,c,0,2026-07-04 05:17:00
1379,18,163,448,c,1,2026-07-04 05:18:00
1380,18,163,5,c,0,2026-07-04 05:12:00
1381,18,164,358,c,1,2026-06-27 20:15:00
1382,18,164,398,b,0,2026-06-27 20:13:00
1383,18,164,172,d,0,2026-06-27 20:18:00
1384,18,164,267,c,1,2026-06-27 20:05:00
1385,18,164,267,c,1,2026-06-27 20:10:00
1386,18,164,456,c,0,2026-06-27 20:01:00
1387,18,164,259,a,1,2026-06-27 20:14:00
1388,18,164,322,c,1,2026-06-27 20:09:00
1389,18,164,230,c,1,2026-06-27 20:04:00
1390,18,164,121,b,0,2026-06-27 20:11:00
1391,18,165,168,b,1,2026-07-13 21:04:00
1392,18,165,76,d,0,2026-07-13 21:04:00
1393,18,165,218,b,0,2026-07-13 21:02:00
1394,18,165,347,d,1,2026-07-13 21:12:00
1395,18,165,447,c,1,2026-07-13 21:13:00
1396,18,165,353,d,1,2026-07-13 21:15:00
1397,18,165,74,b,0,2026-07-13 21:06:00
1398,18,165,442,a,1,2026-07-13 21:17:00
1399,18,165,383,b,0,2026-07-13 21:02:00
1400,18,165,309,d,0,2026-07-13 21:04:00
1401,18,165,21,b,1,2026-07-13 21:10:00
1402,18,165,156,c,1,2026-07-13 21:12:00
1403,18,165,402,d,1,2026-07-13 21:05:00
1404,18,165,111,b,1,2026-07-13 21:10:00
1405,18,165,281,c,0,2026-07-13 21:04:00
1406,18,166,428,b,0,2026-07-13 09:16:00
1407,18,166,390,d,0,2026-07-13 09:15:00
1408,18,166,46,d,0,2026-07-13 09:11:00
1409,18,166,277,a,1,2026-07-13 09:11:00
1410,18,166,331,a,0,2026-07-13 09:09:00
1411,18,166,323,c,0,2026-07-13 09:19:00
1412,18,166,44,b,0,2026-07-13 09:18:00
1413,18,166,491,b,0,2026-07-13 09:02:00
1414,18,166,62,b,0,2026-07-13 09:01:00
1415,18,166,126,d,0,2026-07-13 09:07:00
1416,19,168,74,b,0,2026-06-18 08:10:00
1417,19,168,488,d,1,2026-06-18 08:10:00
1418,19,168,93,a,0,2026-06-18 08:11:00
1419,19,168,164,b,0,2026-06-18 08:04:00
1420,19,168,483,a,1,2026-06-18 08:13:00
1421,19,168,301,b,1,2026-06-18 08:20:00
1422,19,168,487,a,1,2026-06-18 08:13:00
1423,19,168,209,a,1,2026-06-18 08:18:00
1424,19,168,468,a,1,2026-06-18 08:08:00
1425,19,168,127,b,1,2026-06-18 08:04:00
1426,19,169,401,b,0,2026-07-21 16:06:00
1427,19,169,232,a,1,2026-07-21 16:18:00
1428,19,169,149,b,1,2026-07-21 16:20:00
1429,19,169,140,c,1,2026-07-21 16:16:00
1430,19,169,432,b,0,2026-07-21 16:12:00
1431,19,170,426,b,1,2026-05-21 23:04:00
1432,19,170,108,c,1,2026-05-21 23:14:00
1433,19,170,386,d,0,2026-05-21 23:09:00
1434,19,170,175,b,1,2026-05-21 23:11:00
1435,19,170,468,b,1,2026-05-21 23:01:00
1436,20,171,276,a,1,2026-07-30 15:03:00
1437,20,171,345,a,0,2026-07-30 15:15:00
1438,20,171,184,d,1,2026-07-30 15:20:00
1439,20,171,64,d,1,2026-07-30 15:01:00
1440,20,171,114,a,1,2026-07-30 15:01:00
1441,20,171,99,a,0,2026-07-30 15:12:00
1442,20,171,120,d,0,2026-07-30 15:08:00
1443,20,171,464,b,0,2026-07-30 15:16:00
1444,20,171,57,c,1,2026-07-30 15:13:00
1445,20,171,100,b,1,2026-07-30 15:18:00
1446,20,171,66,c,1,2026-07-30 15:03:00
1447,20,171,374,c,0,2026-07-30 15:17:00
1448,20,171,315,c,1,2026-07-30 15:18:00
1449,20,171,481,d,1,2026-07-30 15:01:00
1450,20,171,438,c,1,2026-07-30 15:02:00
1451,20,172,25,c,1,2026-07-27 16:08:00
1452,20,172,3,d,0,2026-07-27 16:11:00
1453,20,172,414,a,1,2026-07-27 16:19:00
1454,20,172,491,a,0,2026-07-27 16:14:00
1455,20,172,160,a,0,2026-07-27 16:11:00
1456,20,173,127,a,0,2026-06-25 00:09:00
1457,20,173,421,c,1,2026-06-25 00:02:00
1458,20,173,398,d,0,2026-06-25 00:03:00
1459,20,173,64,a,0,2026-06-25 00:19:00
1460,20,173,161,a,0,2026-06-25 00:13:00
1461,20,173,29,c,0,2026-06-25 00:15:00
1462,20,173,347,a,1,2026-06-25 00:04:00
1463,20,173,206,a,0,2026-06-25 00:13:00
1464,20,173,404,a,0,2026-06-25 00:20:00
1465,20,173,451,a,1,2026-06-25 00:14:00
1466,21,174,464,b,0,2026-05-14 03:07:00
1467,21,174,247,d,0,2026-05-14 03:14:00
1468,21,174,31,b,1,2026-05-14 03:02:00
1469,21,174,160,b,1,2026-05-14 03:12:00
1470,21,174,150,c,1,2026-05-14 03:11:00
1471,21,177,437,c,0,2026-07-25 15:11:00
1472,21,177,54,d,0,2026-07-25 15:06:00
1473,21,177,113,a,0,2026-07-25 15:16:00
1474,21,177,320,b,1,2026-07-25 15:15:00
1475,21,177,414,d,1,2026-07-25 15:11:00
1476,21,178,100,c,0,2026-05-02 02:15:00
1477,21,178,146,b,1,2026-05-02 02:07:00
1478,21,178,174,b,1,2026-05-02 02:06:00
1479,21,178,467,a,1,2026-05-02 02:09:00
1480,21,178,336,a,1,2026-05-02 02:13:00
1481,21,178,123,c,1,2026-05-02 02:15:00
1482,21,178,410,d,0,2026-05-02 02:17:00
1483,21,178,452,b,0,2026-05-02 02:05:00
1484,21,178,356,c,0,2026-05-02 02:13:00
1485,21,178,472,a,1,2026-05-02 02:08:00
1486,21,179,436,d,0,2026-05-20 10:05:00
1487,21,179,405,a,1,2026-05-20 10:16:00
1488,21,179,192,d,1,2026-05-20 10:17:00
1489,21,179,270,d,0,2026-05-20 10:12:00
1490,21,179,298,d,0,2026-05-20 10:09:00
1491,21,179,107,b,1,2026-05-20 10:02:00
1492,21,179,203,b,0,2026-05-20 10:08:00
1493,21,179,81,c,1,2026-05-20 10:19:00
1494,21,179,152,d,1,2026-05-20 10:03:00
1495,21,179,239,c,0,2026-05-20 10:02:00
1496,21,180,136,a,1,2026-06-17 15:08:00
1497,21,180,263,a,1,2026-06-17 15:17:00
1498,21,180,61,a,1,2026-06-17 15:04:00
1499,21,180,101,c,1,2026-06-17 15:11:00
1500,21,180,98,b,1,2026-06-17 15:09:00
1501,21,180,468,c,0,2026-06-17 15:18:00
1502,21,180,401,d,1,2026-06-17 15:12:00
1503,21,180,242,b,0,2026-06-17 15:01:00
1504,21,180,243,b,0,2026-06-17 15:07:00
1505,21,180,370,d,1,2026-06-17 15:15:00
1506,21,181,192,b,1,2026-06-24 22:01:00
1507,21,181,256,c,0,2026-06-24 22:01:00
1508,21,181,391,c,1,2026-06-24 22:13:00
1509,21,181,473,b,1,2026-06-24 22:02:00
1510,21,181,291,d,1,2026-06-24 22:11:00
1511,21,182,328,c,1,2026-07-08 12:15:00
1512,21,182,91,a,1,2026-07-08 12:18:00
1513,21,182,96,b,0,2026-07-08 12:01:00
1514,21,182,106,b,1,2026-07-08 12:10:00
1515,21,182,30,c,1,2026-07-08 12:15:00
1516,21,184,446,b,0,2026-07-01 23:05:00
1517,21,184,82,c,1,2026-07-01 23:16:00
1518,21,184,142,b,1,2026-07-01 23:15:00
1519,21,184,423,d,1,2026-07-01 23:03:00
1520,21,184,467,d,0,2026-07-01 23:11:00
1521,21,184,148,d,1,2026-07-01 23:03:00
1522,21,184,201,b,1,2026-07-01 23:10:00
1523,21,184,376,d,1,2026-07-01 23:20:00
1524,21,184,358,a,1,2026-07-01 23:06:00
1525,21,184,454,b,1,2026-07-01 23:08:00
1526,21,185,63,c,1,2026-07-29 23:18:00
1527,21,185,210,d,1,2026-07-29 23:11:00
1528,21,185,237,a,1,2026-07-29 23:02:00
1529,21,185,196,c,1,2026-07-29 23:15:00
1530,21,185,20,a,1,2026-07-29 23:13:00
1531,21,186,366,d,1,2026-08-04 14:08:00
1532,21,186,88,a,1,2026-08-04 14:06:00
1533,21,186,274,d,0,2026-08-04 14:04:00
1534,21,186,347,c,1,2026-08-04 14:01:00
1535,21,186,366,a,1,2026-08-04 14:07:00
1536,21,186,357,a,0,2026-08-04 14:15:00
1537,21,186,200,c,0,2026-08-04 14:04:00
1538,21,186,396,d,1,2026-08-04 14:02:00
1539,21,186,466,b,1,2026-08-04 14:12:00
1540,21,186,8,c,1,2026-08-04 14:01:00
1541,21,186,113,a,0,2026-08-04 14:03:00
1542,21,186,371,b,1,2026-08-04 14:06:00
1543,21,186,166,b,1,2026-08-04 14:11:00
1544,21,186,481,d,1,2026-08-04 14:13:00
1545,21,186,166,b,1,2026-08-04 14:12:00
1546,22,187,211,c,1,2026-07-24 08:07:00
1547,22,187,365,b,0,2026-07-24 08:04:00
1548,22,187,324,d,1,2026-07-24 08:11:00
1549,22,187,171,b,1,2026-07-24 08:05:00
1550,22,187,436,d,1,2026-07-24 08:11:00
1551,22,188,120,a,0,2026-06-27 12:01:00
1552,22,188,122,d,1,2026-06-27 12:10:00
1553,22,188,71,c,0,2026-06-27 12:02:00
1554,22,188,105,a,1,2026-06-27 12:13:00
1555,22,188,379,c,1,2026-06-27 12:15:00
1556,22,188,267,d,1,2026-06-27 12:02:00
1557,22,188,118,c,0,2026-06-27 12:01:00
1558,22,188,465,b,1,2026-06-27 12:02:00
1559,22,188,312,d,0,2026-06-27 12:08:00
1560,22,188,34,d,0,2026-06-27 12:01:00
1561,22,188,481,b,1,2026-06-27 12:05:00
1562,22,188,426,b,1,2026-06-27 12:18:00
1563,22,188,160,b,1,2026-06-27 12:15:00
1564,22,188,311,b,0,2026-06-27 12:06:00
1565,22,188,140,d,1,2026-06-27 12:07:00
1566,22,189,420,d,1,2026-05-22 15:05:00
1567,22,189,389,c,1,2026-05-22 15:03:00
1568,22,189,132,d,0,2026-05-22 15:06:00
1569,22,189,288,d,1,2026-05-22 15:13:00
1570,22,189,101,b,1,2026-05-22 15:16:00
1571,22,189,374,c,0,2026-05-22 15:17:00
1572,22,189,497,c,1,2026-05-22 15:13:00
1573,22,189,37,d,1,2026-05-22 15:19:00
1574,22,189,198,b,1,2026-05-22 15:04:00
1575,22,189,395,c,1,2026-05-22 15:09:00
1576,22,190,125,d,1,2026-06-17 22:08:00
1577,22,190,358,b,1,2026-06-17 22:01:00
1578,22,190,131,b,1,2026-06-17 22:05:00
1579,22,190,7,a,1,2026-06-17 22:06:00
1580,22,190,204,a,0,2026-06-17 22:13:00
1581,22,190,85,d,0,2026-06-17 22:14:00
1582,22,190,338,d,1,2026-06-17 22:18:00
1583,22,190,56,c,1,2026-06-17 22:03:00
1584,22,190,477,d,0,2026-06-17 22:07:00
1585,22,190,418,d,0,2026-06-17 22:06:00
1586,22,190,269,d,1,2026-06-17 22:14:00
1587,22,190,91,c,1,2026-06-17 22:06:00
1588,22,190,94,a,1,2026-06-17 22:16:00
1589,22,190,103,a,1,2026-06-17 22:06:00
1590,22,190,133,d,1,2026-06-17 22:07:00
1591,22,191,16,b,1,2026-05-22 02:11:00
1592,22,191,5,a,1,2026-05-22 02:04:00
1593,22,191,405,a,1,2026-05-22 02:19:00
1594,22,191,193,c,1,2026-05-22 02:01:00
1595,22,191,310,d,0,2026-05-22 02:11:00
1596,22,191,162,b,1,2026-05-22 02:11:00
1597,22,191,313,a,0,2026-05-22 02:13:00
1598,22,191,2,d,0,2026-05-22 02:04:00
1599,22,191,14,a,0,2026-05-22 02:05:00
1600,22,191,189,d,0,2026-05-22 02:08:00
1601,22,191,264,d,1,2026-05-22 02:16:00
1602,22,191,9,c,0,2026-05-22 02:11:00
1603,22,191,348,d,1,2026-05-22 02:11:00
1604,22,191,407,a,1,2026-05-22 02:20:00
1605,22,191,338,a,1,2026-05-22 02:16:00
1606,22,193,448,d,1,2026-05-05 04:18:00
1607,22,193,247,b,1,2026-05-05 04:04:00
1608,22,193,55,d,1,2026-05-05 04:03:00
1609,22,193,463,d,0,2026-05-05 04:11:00
1610,22,193,341,d,0,2026-05-05 04:09:00
1611,22,193,473,d,0,2026-05-05 04:05:00
1612,22,193,478,a,1,2026-05-05 04:08:00
1613,22,193,335,d,0,2026-05-05 04:13:00
1614,22,193,149,a,0,2026-05-05 04:04:00
1615,22,193,480,b,1,2026-05-05 04:19:00
1616,22,193,66,c,0,2026-05-05 04:12:00
1617,22,193,160,a,0,2026-05-05 04:01:00
1618,22,193,217,c,0,2026-05-05 04:13:00
1619,22,193,267,b,1,2026-05-05 04:05:00
1620,22,193,162,b,1,2026-05-05 04:15:00
1621,22,194,307,c,1,2026-07-27 14:02:00
1622,22,194,141,d,1,2026-07-27 14:04:00
1623,22,194,361,d,0,2026-07-27 14:10:00
1624,22,194,424,b,1,2026-07-27 14:05:00
1625,22,194,359,a,1,2026-07-27 14:08:00
1626,22,194,373,d,0,2026-07-27 14:16:00
1627,22,194,12,d,1,2026-07-27 14:06:00
1628,22,194,388,d,1,2026-07-27 14:12:00
1629,22,194,145,b,1,2026-07-27 14:10:00
1630,22,194,68,c,0,2026-07-27 14:04:00
1631,22,195,150,b,1,2026-06-08 14:16:00
1632,22,195,377,a,1,2026-06-08 14:07:00
1633,22,195,348,b,1,2026-06-08 14:04:00
1634,22,195,475,a,1,2026-06-08 14:06:00
1635,22,195,484,a,1,2026-06-08 14:06:00
1636,22,195,304,d,1,2026-06-08 14:11:00
1637,22,195,126,a,0,2026-06-08 14:13:00
1638,22,195,353,b,1,2026-06-08 14:10:00
1639,22,195,399,d,0,2026-06-08 14:03:00
1640,22,195,324,d,0,2026-06-08 14:09:00
1641,22,195,63,d,1,2026-06-08 14:03:00
1642,22,195,12,d,1,2026-06-08 14:08:00
1643,22,195,93,d,1,2026-06-08 14:19:00
1644,22,195,153,b,1,2026-06-08 14:14:00
1645,22,195,95,d,1,2026-06-08 14:18:00
1646,22,196,386,b,1,2026-07-08 16:04:00
1647,22,196,442,b,0,2026-07-08 16:06:00
1648,22,196,63,a,1,2026-07-08 16:11:00
1649,22,196,45,c,1,2026-07-08 16:06:00
1650,22,196,260,c,0,2026-07-08 16:04:00
1651,22,196,484,a,1,2026-07-08 16:14:00
1652,22,196,464,c,1,2026-07-08 16:17:00
1653,22,196,252,c,0,2026-07-08 16:19:00
1654,22,196,311,b,1,2026-07-08 16:12:00
1655,22,196,122,a,1,2026-07-08 16:02:00
1656,22,196,491,b,1,2026-07-08 16:07:00
1657,22,196,143,b,0,2026-07-08 16:12:00
1658,22,196,131,c,0,2026-07-08 16:18:00
1659,22,196,234,a,1,2026-07-08 16:13:00
1660,22,196,275,b,0,2026-07-08 16:05:00
1661,22,197,310,b,1,2026-07-29 20:17:00
1662,22,197,195,a,1,2026-07-29 20:14:00
1663,22,197,64,a,0,2026-07-29 20:09:00
1664,22,197,328,a,0,2026-07-29 20:11:00
1665,22,197,75,b,1,2026-07-29 20:09:00
1666,22,197,194,a,1,2026-07-29 20:08:00
1667,22,197,373,c,0,2026-07-29 20:17:00
1668,22,197,271,c,1,2026-07-29 20:04:00
1669,22,197,139,a,1,2026-07-29 20:18:00
1670,22,197,93,c,0,2026-07-29 20:13:00
1671,22,197,283,d,0,2026-07-29 20:18:00
1672,22,197,352,b,0,2026-07-29 20:01:00
1673,22,197,377,c,0,2026-07-29 20:19:00
1674,22,197,363,b,1,2026-07-29 20:12:00
1675,22,197,94,d,0,2026-07-29 20:15:00
1676,22,198,157,a,1,2026-06-05 13:08:00
1677,22,198,433,a,0,2026-06-05 13:11:00
1678,22,198,484,a,0,2026-06-05 13:08:00
1679,22,198,284,d,1,2026-06-05 13:10:00
1680,22,198,347,b,0,2026-06-05 13:14:00
1681,22,198,358,a,1,2026-06-05 13:18:00
1682,22,198,366,d,1,2026-06-05 13:01:00
1683,22,198,379,a,1,2026-06-05 13:08:00
1684,22,198,463,b,1,2026-06-05 13:17:00
1685,22,198,264,c,1,2026-06-05 13:05:00
1686,23,200,476,a,0,2026-06-03 06:10:00
1687,23,200,30,c,0,2026-06-03 06:16:00
1688,23,200,182,a,1,2026-06-03 06:10:00
1689,23,200,206,c,1,2026-06-03 06:06:00
1690,23,200,44,b,1,2026-06-03 06:07:00
1691,23,200,80,c,1,2026-06-03 06:01:00
1692,23,200,187,d,1,2026-06-03 06:10:00
1693,23,200,56,d,0,2026-06-03 06:09:00
1694,23,200,182,d,0,2026-06-03 06:05:00
1695,23,200,57,b,1,2026-06-03 06:07:00
1696,23,203,257,d,0,2026-07-10 15:13:00
1697,23,203,65,b,1,2026-07-10 15:01:00
1698,23,203,27,c,1,2026-07-10 15:08:00
1699,23,203,223,d,1,2026-07-10 15:01:00
1700,23,203,127,b,1,2026-07-10 15:14:00
1701,23,203,393,a,0,2026-07-10 15:09:00
1702,23,203,342,d,1,2026-07-10 15:08:00
1703,23,203,359,b,1,2026-07-10 15:04:00
1704,23,203,118,a,1,2026-07-10 15:05:00
1705,23,203,476,b,1,2026-07-10 15:07:00
1706,23,204,173,d,1,2026-06-18 13:08:00
1707,23,204,156,a,1,2026-06-18 13:02:00
1708,23,204,365,d,1,2026-06-18 13:12:00
1709,23,204,21,a,1,2026-06-18 13:06:00
1710,23,204,147,d,1,2026-06-18 13:07:00
1711,23,205,350,b,1,2026-06-02 15:01:00
1712,23,205,381,c,1,2026-06-02 15:12:00
1713,23,205,197,a,1,2026-06-02 15:19:00
1714,23,205,62,a,0,2026-06-02 15:20:00
1715,23,205,99,d,1,2026-06-02 15:07:00
1716,23,206,23,b,0,2026-06-13 09:05:00
1717,23,206,457,c,1,2026-06-13 09:09:00
1718,23,206,467,d,0,2026-06-13 09:04:00
1719,23,206,405,a,1,2026-06-13 09:17:00
1720,23,206,149,a,1,2026-06-13 09:05:00
1721,23,206,380,d,0,2026-06-13 09:07:00
1722,23,206,498,a,1,2026-06-13 09:17:00
1723,23,206,288,d,1,2026-06-13 09:13:00
1724,23,206,2,b,1,2026-06-13 09:06:00
1725,23,206,451,d,1,2026-06-13 09:01:00
1726,23,206,156,b,1,2026-06-13 09:09:00
1727,23,206,88,b,1,2026-06-13 09:04:00
1728,23,206,328,b,1,2026-06-13 09:02:00
1729,23,206,139,a,0,2026-06-13 09:05:00
1730,23,206,274,a,0,2026-06-13 09:07:00
1731,23,207,210,c,0,2026-06-17 10:05:00
1732,23,207,422,c,1,2026-06-17 10:01:00
1733,23,207,132,a,1,2026-06-17 10:06:00
1734,23,207,55,d,1,2026-06-17 10:19:00
1735,23,207,283,b,0,2026-06-17 10:20:00
1736,23,207,105,d,0,2026-06-17 10:09:00
1737,23,207,189,b,1,2026-06-17 10:14:00
1738,23,207,236,b,0,2026-06-17 10:06:00
1739,23,207,252,b,0,2026-06-17 10:19:00
1740,23,207,454,b,0,2026-06-17 10:06:00
1741,23,207,36,b,0,2026-06-17 10:07:00
1742,23,207,52,b,1,2026-06-17 10:13:00
1743,23,207,52,d,1,2026-06-17 10:20:00
1744,23,207,391,a,1,2026-06-17 10:01:00
1745,23,207,74,a,1,2026-06-17 10:09:00
1746,24,209,64,a,0,2026-07-01 04:18:00
1747,24,209,53,d,0,2026-07-01 04:10:00
1748,24,209,117,d,1,2026-07-01 04:01:00
1749,24,209,116,d,1,2026-07-01 04:10:00
1750,24,209,252,b,1,2026-07-01 04:04:00
1751,24,209,183,a,0,2026-07-01 04:10:00
1752,24,209,459,a,0,2026-07-01 04:03:00
1753,24,209,172,b,0,2026-07-01 04:17:00
1754,24,209,320,c,0,2026-07-01 04:10:00
1755,24,209,339,c,1,2026-07-01 04:16:00
1756,24,210,418,a,1,2026-08-08 20:16:00
1757,24,210,75,a,1,2026-08-08 20:09:00
1758,24,210,181,c,1,2026-08-08 20:13:00
1759,24,210,309,c,1,2026-08-08 20:14:00
1760,24,210,197,d,1,2026-08-08 20:08:00
1761,25,211,2,b,1,2026-08-08 22:12:00
1762,25,211,243,b,0,2026-08-08 22:18:00
1763,25,211,185,b,0,2026-08-08 22:12:00
1764,25,211,498,d,1,2026-08-08 22:18:00
1765,25,211,383,b,1,2026-08-08 22:02:00
1766,25,211,194,a,1,2026-08-08 22:05:00
1767,25,211,360,a,0,2026-08-08 22:02:00
1768,25,211,446,b,0,2026-08-08 22:20:00
1769,25,211,126,a,1,2026-08-08 22:03:00
1770,25,211,77,b,1,2026-08-08 22:14:00
1771,25,211,358,c,1,2026-08-08 22:17:00
1772,25,211,401,a,1,2026-08-08 22:15:00
1773,25,211,310,b,1,2026-08-08 22:02:00
1774,25,211,349,d,0,2026-08-08 22:14:00
1775,25,211,257,c,1,2026-08-08 22:19:00
1776,25,212,317,a,0,2026-05-12 16:13:00
1777,25,212,310,a,1,2026-05-12 16:18:00
1778,25,212,335,d,0,2026-05-12 16:11:00
1779,25,212,332,d,0,2026-05-12 16:12:00
1780,25,212,186,c,1,2026-05-12 16:03:00
1781,25,212,55,a,1,2026-05-12 16:18:00
1782,25,212,97,b,1,2026-05-12 16:10:00
1783,25,212,44,a,0,2026-05-12 16:09:00
1784,25,212,25,c,1,2026-05-12 16:02:00
1785,25,212,385,c,1,2026-05-12 16:12:00
1786,25,214,408,d,0,2026-08-03 16:19:00
1787,25,214,149,b,1,2026-08-03 16:02:00
1788,25,214,488,b,1,2026-08-03 16:03:00
1789,25,214,394,b,0,2026-08-03 16:05:00
1790,25,214,334,c,0,2026-08-03 16:20:00
1791,25,214,185,d,1,2026-08-03 16:10:00
1792,25,214,123,b,1,2026-08-03 16:13:00
1793,25,214,291,d,0,2026-08-03 16:05:00
1794,25,214,281,a,1,2026-08-03 16:10:00
1795,25,214,479,c,1,2026-08-03 16:06:00
1796,25,215,132,d,0,2026-06-15 02:16:00
1797,25,215,498,d,0,2026-06-15 02:04:00
1798,25,215,210,b,1,2026-06-15 02:13:00
1799,25,215,488,c,1,2026-06-15 02:20:00
1800,25,215,231,c,1,2026-06-15 02:17:00
1801,25,215,318,a,1,2026-06-15 02:02:00
1802,25,215,5,b,0,2026-06-15 02:18:00
1803,25,215,292,d,0,2026-06-15 02:06:00
1804,25,215,343,a,0,2026-06-15 02:15:00
1805,25,215,461,d,1,2026-06-15 02:18:00
1806,25,216,249,b,1,2026-06-20 13:20:00
1807,25,216,233,a,0,2026-06-20 13:09:00
1808,25,216,328,b,1,2026-06-20 13:05:00
1809,25,216,397,d,1,2026-06-20 13:20:00
1810,25,216,243,b,1,2026-06-20 13:14:00
1811,25,217,42,c,1,2026-06-04 08:13:00
1812,25,217,269,b,0,2026-06-04 08:14:00
1813,25,217,48,d,0,2026-06-04 08:02:00
1814,25,217,102,c,1,2026-06-04 08:06:00
1815,25,217,353,b,0,2026-06-04 08:18:00
1816,25,217,200,a,0,2026-06-04 08:19:00
1817,25,217,40,b,1,2026-06-04 08:07:00
1818,25,217,8,b,1,2026-06-04 08:11:00
1819,25,217,443,c,0,2026-06-04 08:16:00
1820,25,217,135,a,1,2026-06-04 08:14:00
1821,25,218,357,b,1,2026-07-21 18:14:00
1822,25,218,488,b,0,2026-07-21 18:07:00
1823,25,218,190,c,0,2026-07-21 18:01:00
1824,25,218,420,a,1,2026-07-21 18:17:00
1825,25,218,212,d,1,2026-07-21 18:15:00
1826,25,218,268,c,1,2026-07-21 18:14:00
1827,25,218,192,b,1,2026-07-21 18:14:00
1828,25,218,196,c,0,2026-07-21 18:14:00
1829,25,218,325,c,0,2026-07-21 18:14:00
1830,25,218,45,a,1,2026-07-21 18:04:00
1831,25,219,258,a,1,2026-05-14 15:15:00
1832,25,219,115,d,1,2026-05-14 15:07:00
1833,25,219,487,a,0,2026-05-14 15:16:00
1834,25,219,212,d,1,2026-05-14 15:15:00
1835,25,219,260,c,1,2026-05-14 15:08:00
1836,25,219,430,d,1,2026-05-14 15:10:00
1837,25,219,17,a,0,2026-05-14 15:14:00
1838,25,219,420,c,1,2026-05-14 15:17:00
1839,25,219,124,d,1,2026-05-14 15:14:00
1840,25,219,411,d,1,2026-05-14 15:02:00
1841,25,220,259,a,1,2026-06-21 10:05:00
1842,25,220,429,b,1,2026-06-21 10:09:00
1843,25,220,14,d,0,2026-06-21 10:03:00
1844,25,220,15,a,1,2026-06-21 10:05:00
1845,25,220,233,c,0,2026-06-21 10:05:00
1846,25,221,338,a,0,2026-07-08 07:09:00
1847,25,221,327,a,1,2026-07-08 07:01:00
1848,25,221,55,b,1,2026-07-08 07:04:00
1849,25,221,40,d,1,2026-07-08 07:03:00
1850,25,221,201,a,1,2026-07-08 07:07:00
1851,26,222,6,b,1,2026-06-18 10:10:00
1852,26,222,61,c,1,2026-06-18 10:02:00
1853,26,222,308,a,0,2026-06-18 10:20:00
1854,26,222,99,a,1,2026-06-18 10:04:00
1855,26,222,111,c,1,2026-06-18 10:05:00
1856,26,222,71,b,1,2026-06-18 10:11:00
1857,26,222,138,c,1,2026-06-18 10:05:00
1858,26,222,363,c,1,2026-06-18 10:12:00
1859,26,222,263,d,1,2026-06-18 10:14:00
1860,26,222,352,c,0,2026-06-18 10:07:00
1861,26,223,217,c,0,2026-06-09 05:15:00
1862,26,223,197,d,0,2026-06-09 05:20:00
1863,26,223,231,b,1,2026-06-09 05:03:00
1864,26,223,301,d,0,2026-06-09 05:09:00
1865,26,223,181,d,1,2026-06-09 05:17:00
1866,26,223,220,b,1,2026-06-09 05:11:00
1867,26,223,191,b,1,2026-06-09 05:12:00
1868,26,223,353,a,0,2026-06-09 05:11:00
1869,26,223,408,c,0,2026-06-09 05:19:00
1870,26,223,146,b,0,2026-06-09 05:13:00
1871,26,223,367,a,0,2026-06-09 05:09:00
1872,26,223,163,c,1,2026-06-09 05:14:00
1873,26,223,256,a,1,2026-06-09 05:16:00
1874,26,223,232,b,0,2026-06-09 05:04:00
1875,26,223,296,a,1,2026-06-09 05:08:00
1876,26,224,331,a,1,2026-05-17 12:11:00
1877,26,224,371,c,1,2026-05-17 12:14:00
1878,26,224,41,c,1,2026-05-17 12:13:00
1879,26,224,357,d,0,2026-05-17 12:10:00
1880,26,224,432,c,1,2026-05-17 12:04:00
1881,26,224,25,a,0,2026-05-17 12:08:00
1882,26,224,116,b,1,2026-05-17 12:14:00
1883,26,224,418,a,1,2026-05-17 12:12:00
1884,26,224,453,a,0,2026-05-17 12:09:00
1885,26,224,136,c,1,2026-05-17 12:03:00
1886,27,225,327,d,0,2026-06-10 04:14:00
1887,27,225,296,d,0,2026-06-10 04:08:00
1888,27,225,396,d,1,2026-06-10 04:11:00
1889,27,225,365,a,1,2026-06-10 04:10:00
1890,27,225,338,b,1,2026-06-10 04:08:00
1891,27,226,54,c,1,2026-05-28 00:16:00
1892,27,226,264,c,1,2026-05-28 00:17:00
1893,27,226,336,b,0,2026-05-28 00:15:00
1894,27,226,113,c,0,2026-05-28 00:05:00
1895,27,226,263,b,1,2026-05-28 00:20:00
1896,27,227,76,d,0,2026-06-24 05:04:00
1897,27,227,9,d,0,2026-06-24 05:08:00
1898,27,227,232,c,1,2026-06-24 05:17:00
1899,27,227,182,d,1,2026-06-24 05:03:00
1900,27,227,261,c,1,2026-06-24 05:14:00
1901,27,227,26,d,1,2026-06-24 05:04:00
1902,27,227,97,d,0,2026-06-24 05:10:00
1903,27,227,253,d,1,2026-06-24 05:20:00
1904,27,227,491,a,1,2026-06-24 05:08:00
1905,27,227,295,c,1,2026-06-24 05:02:00
1906,27,228,254,b,1,2026-07-19 22:09:00
1907,27,228,362,c,1,2026-07-19 22:10:00
1908,27,228,465,d,0,2026-07-19 22:17:00
1909,27,228,88,c,1,2026-07-19 22:08:00
1910,27,228,461,d,0,2026-07-19 22:11:00
1911,27,229,348,a,0,2026-06-24 10:06:00
1912,27,229,1,d,1,2026-06-24 10:19:00
1913,27,229,420,a,0,2026-06-24 10:02:00
1914,27,229,269,b,1,2026-06-24 10:08:00
1915,27,229,156,c,1,2026-06-24 10:04:00
1916,27,229,132,d,1,2026-06-24 10:18:00
1917,27,229,155,c,1,2026-06-24 10:12:00
1918,27,229,248,a,0,2026-06-24 10:20:00
1919,27,229,76,d,1,2026-06-24 10:01:00
1920,27,229,183,d,0,2026-06-24 10:05:00
1921,27,230,450,d,0,2026-08-04 02:09:00
1922,27,230,136,c,0,2026-08-04 02:06:00
1923,27,230,484,c,0,2026-08-04 02:14:00
1924,27,230,360,c,1,2026-08-04 02:17:00
1925,27,230,291,c,0,2026-08-04 02:15:00
1926,27,231,341,b,1,2026-05-19 14:18:00
1927,27,231,8,d,1,2026-05-19 14:10:00
1928,27,231,64,a,1,2026-05-19 14:19:00
1929,27,231,339,a,0,2026-05-19 14:12:00
1930,27,231,403,b,1,2026-05-19 14:10:00
1931,27,231,376,b,0,2026-05-19 14:05:00
1932,27,231,113,a,1,2026-05-19 14:10:00
1933,27,231,217,d,1,2026-05-19 14:13:00
1934,27,231,472,c,0,2026-05-19 14:09:00
1935,27,231,348,c,0,2026-05-19 14:14:00
1936,27,231,129,b,0,2026-05-19 14:07:00
1937,27,231,44,c,1,2026-05-19 14:10:00
1938,27,231,94,d,1,2026-05-19 14:18:00
1939,27,231,71,d,1,2026-05-19 14:04:00
1940,27,231,240,c,0,2026-05-19 14:12:00
1941,27,232,315,c,0,2026-05-04 17:05:00
1942,27,232,66,c,0,2026-05-04 17:12:00
1943,27,232,207,a,1,2026-05-04 17:05:00
1944,27,232,236,a,1,2026-05-04 17:17:00
1945,27,232,171,a,1,2026-05-04 17:04:00
1946,27,232,443,a,0,2026-05-04 17:11:00
1947,27,232,379,a,1,2026-05-04 17:17:00
1948,27,232,380,d,0,2026-05-04 17:18:00
1949,27,232,155,c,1,2026-05-04 17:05:00
1950,27,232,320,b,1,2026-05-04 17:16:00
1951,27,233,228,d,1,2026-05-16 16:17:00
1952,27,233,248,b,1,2026-05-16 16:13:00
1953,27,233,134,d,1,2026-05-16 16:18:00
1954,27,233,75,a,0,2026-05-16 16:14:00
1955,27,233,88,b,1,2026-05-16 16:08:00
1956,27,233,492,d,1,2026-05-16 16:04:00
1957,27,233,358,a,1,2026-05-16 16:13:00
1958,27,233,15,c,1,2026-05-16 16:05:00
1959,27,233,298,c,1,2026-05-16 16:01:00
1960,27,233,228,a,1,2026-05-16 16:20:00
1961,27,233,240,d,0,2026-05-16 16:05:00
1962,27,233,257,b,1,2026-05-16 16:12:00
1963,27,233,263,a,1,2026-05-16 16:13:00
1964,27,233,174,d,1,2026-05-16 16:19:00
1965,27,233,402,c,1,2026-05-16 16:09:00
1966,27,234,398,c,1,2026-06-18 15:17:00
1967,27,234,179,d,1,2026-06-18 15:19:00
1968,27,234,119,a,1,2026-06-18 15:06:00
1969,27,234,166,b,0,2026-06-18 15:16:00
1970,27,234,54,b,0,2026-06-18 15:08:00
1971,27,234,473,a,0,2026-06-18 15:14:00
1972,27,234,434,a,1,2026-06-18 15:02:00
1973,27,234,473,b,1,2026-06-18 15:01:00
1974,27,234,69,b,1,2026-06-18 15:13:00
1975,27,234,116,b,1,2026-06-18 15:10:00
1976,27,235,415,b,0,2026-05-12 18:02:00
1977,27,235,291,a,0,2026-05-12 18:14:00
1978,27,235,255,b,1,2026-05-12 18:17:00
1979,27,235,257,c,0,2026-05-12 18:16:00
1980,27,235,411,a,1,2026-05-12 18:05:00
1981,27,236,27,c,1,2026-05-11 04:08:00
1982,27,236,473,c,1,2026-05-11 04:10:00
1983,27,236,496,c,1,2026-05-11 04:06:00
1984,27,236,478,c,1,2026-05-11 04:17:00
1985,27,236,299,d,1,2026-05-11 04:04:00
1986,27,236,17,c,0,2026-05-11 04:01:00
1987,27,236,72,b,1,2026-05-11 04:02:00
1988,27,236,121,d,1,2026-05-11 04:02:00
1989,27,236,360,a,1,2026-05-11 04:20:00
1990,27,236,307,a,1,2026-05-11 04:14:00
1991,27,236,139,a,0,2026-05-11 04:05:00
1992,27,236,333,c,1,2026-05-11 04:08:00
1993,27,236,11,a,1,2026-05-11 04:08:00
1994,27,236,274,d,1,2026-05-11 04:07:00
1995,27,236,247,a,1,2026-05-11 04:18:00
1996,27,237,463,c,1,2026-06-25 22:20:00
1997,27,237,122,b,1,2026-06-25 22:02:00
1998,27,237,383,a,1,2026-06-25 22:14:00
1999,27,237,417,a,0,2026-06-25 22:08:00
2000,27,237,145,a,1,2026-06-25 22:06:00
2001,27,238,481,b,1,2026-07-17 12:09:00
2002,27,238,460,b,1,2026-07-17 12:12:00
2003,27,238,400,c,1,2026-07-17 12:12:00
2004,27,238,164,a,0,2026-07-17 12:09:00
2005,27,238,249,c,1,2026-07-17 12:20:00
2006,27,239,19,b,1,2026-06-09 23:05:00
2007,27,239,488,a,1,2026-06-09 23:15:00
2008,27,239,143,d,1,2026-06-09 23:09:00
2009,27,239,143,d,1,2026-06-09 23:02:00
2010,27,239,228,a,1,2026-06-09 23:13:00
2011,28,240,473,c,0,2026-05-05 17:11:00
2012,28,240,175,d,0,2026-05-05 17:01:00
2013,28,240,414,a,0,2026-05-05 17:02:00
2014,28,240,440,d,1,2026-05-05 17:10:00
2015,28,240,134,b,1,2026-05-05 17:17:00
2016,28,240,68,a,0,2026-05-05 17:08:00
2017,28,240,44,b,1,2026-05-05 17:09:00
2018,28,240,203,a,0,2026-05-05 17:19:00
2019,28,240,401,a,0,2026-05-05 17:09:00
2020,28,240,429,c,1,2026-05-05 17:11:00
2021,28,241,112,d,0,2026-06-26 00:18:00
2022,28,241,460,c,1,2026-06-26 00:09:00
2023,28,241,393,c,0,2026-06-26 00:09:00
2024,28,241,323,b,1,2026-06-26 00:08:00
2025,28,241,120,a,1,2026-06-26 00:02:00
2026,28,242,500,c,0,2026-06-26 18:09:00
2027,28,242,277,a,1,2026-06-26 18:12:00
2028,28,242,260,d,0,2026-06-26 18:03:00
2029,28,242,167,c,1,2026-06-26 18:07:00
2030,28,242,329,d,0,2026-06-26 18:03:00
2031,28,242,311,c,0,2026-06-26 18:11:00
2032,28,242,241,c,1,2026-06-26 18:12:00
2033,28,242,149,b,0,2026-06-26 18:02:00
2034,28,242,109,c,0,2026-06-26 18:20:00
2035,28,242,402,c,1,2026-06-26 18:17:00
2036,28,242,17,b,0,2026-06-26 18:19:00
2037,28,242,490,a,1,2026-06-26 18:03:00
2038,28,242,258,d,0,2026-06-26 18:19:00
2039,28,242,409,a,0,2026-06-26 18:17:00
2040,28,242,226,c,1,2026-06-26 18:17:00
2041,28,243,228,d,1,2026-06-01 11:08:00
2042,28,243,40,c,1,2026-06-01 11:17:00
2043,28,243,403,d,1,2026-06-01 11:15:00
2044,28,243,474,b,1,2026-06-01 11:05:00
2045,28,243,341,b,0,2026-06-01 11:19:00
2046,28,243,161,a,1,2026-06-01 11:11:00
2047,28,243,295,d,1,2026-06-01 11:05:00
2048,28,243,449,d,1,2026-06-01 11:06:00
2049,28,243,392,d,1,2026-06-01 11:09:00
2050,28,243,427,d,0,2026-06-01 11:02:00
2051,28,245,303,a,0,2026-06-21 22:11:00
2052,28,245,487,d,0,2026-06-21 22:12:00
2053,28,245,149,d,0,2026-06-21 22:14:00
2054,28,245,470,a,1,2026-06-21 22:19:00
2055,28,245,190,d,1,2026-06-21 22:19:00
2056,28,246,175,a,0,2026-08-01 18:16:00
2057,28,246,261,d,1,2026-08-01 18:19:00
2058,28,246,489,b,1,2026-08-01 18:06:00
2059,28,246,221,c,1,2026-08-01 18:07:00
2060,28,246,178,c,1,2026-08-01 18:04:00
2061,28,246,225,b,1,2026-08-01 18:16:00
2062,28,246,311,a,0,2026-08-01 18:09:00
2063,28,246,50,b,0,2026-08-01 18:05:00
2064,28,246,15,a,1,2026-08-01 18:06:00
2065,28,246,4,d,0,2026-08-01 18:07:00
2066,28,246,145,d,0,2026-08-01 18:07:00
2067,28,246,152,a,0,2026-08-01 18:15:00
2068,28,246,228,d,1,2026-08-01 18:04:00
2069,28,246,143,a,0,2026-08-01 18:05:00
2070,28,246,373,a,0,2026-08-01 18:08:00
2071,28,247,457,a,0,2026-07-20 23:11:00
2072,28,247,163,b,1,2026-07-20 23:17:00
2073,28,247,486,a,0,2026-07-20 23:02:00
2074,28,247,345,b,1,2026-07-20 23:08:00
2075,28,247,376,d,1,2026-07-20 23:06:00
2076,28,247,487,b,1,2026-07-20 23:03:00
2077,28,247,313,b,1,2026-07-20 23:18:00
2078,28,247,315,d,0,2026-07-20 23:09:00
2079,28,247,248,b,0,2026-07-20 23:12:00
2080,28,247,343,d,0,2026-07-20 23:10:00
2081,28,248,215,d,1,2026-07-09 15:10:00
2082,28,248,91,d,1,2026-07-09 15:04:00
2083,28,248,357,d,0,2026-07-09 15:12:00
2084,28,248,431,d,1,2026-07-09 15:16:00
2085,28,248,149,c,1,2026-07-09 15:01:00
2086,28,248,32,c,1,2026-07-09 15:14:00
2087,28,248,415,d,1,2026-07-09 15:13:00
2088,28,248,138,d,1,2026-07-09 15:02:00
2089,28,248,158,d,0,2026-07-09 15:02:00
2090,28,248,275,b,1,2026-07-09 15:06:00
2091,29,249,33,a,1,2026-06-18 02:18:00
2092,29,249,81,d,1,2026-06-18 02:07:00
2093,29,249,467,c,0,2026-06-18 02:06:00
2094,29,249,482,a,1,2026-06-18 02:08:00
2095,29,249,53,d,1,2026-06-18 02:17:00
2096,29,250,384,a,0,2026-06-08 00:09:00
2097,29,250,68,c,0,2026-06-08 00:13:00
2098,29,250,370,d,0,2026-06-08 00:17:00
2099,29,250,310,b,1,2026-06-08 00:18:00
2100,29,250,100,c,1,2026-06-08 00:13:00
2101,29,250,155,c,0,2026-06-08 00:01:00
2102,29,250,242,d,0,2026-06-08 00:19:00
2103,29,250,288,c,1,2026-06-08 00:14:00
2104,29,250,260,b,1,2026-06-08 00:18:00
2105,29,250,488,c,1,2026-06-08 00:13:00
2106,29,252,49,b,0,2026-06-17 15:03:00
2107,29,252,128,a,1,2026-06-17 15:19:00
2108,29,252,268,b,1,2026-06-17 15:16:00
2109,29,252,160,c,1,2026-06-17 15:14:00
2110,29,252,307,d,0,2026-06-17 15:19:00
2111,29,252,387,d,0,2026-06-17 15:07:00
2112,29,252,165,d,1,2026-06-17 15:08:00
2113,29,252,472,a,0,2026-06-17 15:03:00
2114,29,252,388,a,1,2026-06-17 15:05:00
2115,29,252,102,d,1,2026-06-17 15:06:00
2116,30,253,152,a,0,2026-07-07 15:01:00
2117,30,253,268,c,1,2026-07-07 15:09:00
2118,30,253,73,c,0,2026-07-07 15:06:00
2119,30,253,488,c,0,2026-07-07 15:20:00
2120,30,253,108,c,1,2026-07-07 15:15:00
2121,30,253,85,d,0,2026-07-07 15:05:00
2122,30,253,241,a,1,2026-07-07 15:05:00
2123,30,253,103,a,0,2026-07-07 15:07:00
2124,30,253,320,d,1,2026-07-07 15:02:00
2125,30,253,453,b,0,2026-07-07 15:18:00
2126,30,253,141,c,1,2026-07-07 15:07:00
2127,30,253,374,c,1,2026-07-07 15:19:00
2128,30,253,288,b,1,2026-07-07 15:09:00
2129,30,253,144,b,1,2026-07-07 15:07:00
2130,30,253,301,d,1,2026-07-07 15:17:00
2131,30,254,47,b,1,2026-07-25 15:07:00
2132,30,254,166,a,1,2026-07-25 15:01:00
2133,30,254,414,d,0,2026-07-25 15:17:00
2134,30,254,257,a,1,2026-07-25 15:10:00
2135,30,254,362,d,1,2026-07-25 15:13:00
2136,30,254,272,a,1,2026-07-25 15:11:00
2137,30,254,485,c,0,2026-07-25 15:06:00
2138,30,254,227,d,1,2026-07-25 15:18:00
2139,30,254,286,d,0,2026-07-25 15:04:00
2140,30,254,438,d,0,2026-07-25 15:12:00
2141,30,254,110,b,0,2026-07-25 15:14:00
2142,30,254,101,d,1,2026-07-25 15:01:00
2143,30,254,159,c,1,2026-07-25 15:19:00
2144,30,254,258,a,1,2026-07-25 15:09:00
2145,30,254,329,d,0,2026-07-25 15:09:00
2146,30,255,324,d,1,2026-05-08 18:20:00
2147,30,255,414,a,1,2026-05-08 18:18:00
2148,30,255,362,b,1,2026-05-08 18:05:00
2149,30,255,428,a,0,2026-05-08 18:14:00
2150,30,255,161,a,1,2026-05-08 18:02:00
2151,30,255,336,a,0,2026-05-08 18:07:00
2152,30,255,460,b,1,2026-05-08 18:11:00
2153,30,255,265,a,0,2026-05-08 18:12:00
2154,30,255,34,b,0,2026-05-08 18:02:00
2155,30,255,43,b,0,2026-05-08 18:09:00
2156,30,255,353,d,1,2026-05-08 18:07:00
2157,30,255,160,c,1,2026-05-08 18:01:00
2158,30,255,291,a,0,2026-05-08 18:15:00
2159,30,255,471,a,1,2026-05-08 18:04:00
2160,30,255,303,a,1,2026-05-08 18:11:00
2161,30,256,383,b,0,2026-06-17 14:07:00
2162,30,256,92,c,1,2026-06-17 14:10:00
2163,30,256,428,b,1,2026-06-17 14:08:00
2164,30,256,133,d,1,2026-06-17 14:10:00
2165,30,256,187,c,1,2026-06-17 14:19:00
2166,30,256,19,d,0,2026-06-17 14:06:00
2167,30,256,178,c,1,2026-06-17 14:14:00
2168,30,256,283,c,1,2026-06-17 14:17:00
2169,30,256,112,d,1,2026-06-17 14:09:00
2170,30,256,338,b,1,2026-06-17 14:17:00
2171,30,256,191,d,1,2026-06-17 14:11:00
2172,30,256,360,a,1,2026-06-17 14:11:00
2173,30,256,82,d,1,2026-06-17 14:01:00
2174,30,256,96,c,1,2026-06-17 14:04:00
2175,30,256,386,a,1,2026-06-17 14:06:00
2176,31,257,391,a,0,2026-06-17 19:08:00
2177,31,257,206,a,1,2026-06-17 19:19:00
2178,31,257,454,b,1,2026-06-17 19:10:00
2179,31,257,67,c,0,2026-06-17 19:05:00
2180,31,257,159,b,0,2026-06-17 19:03:00
2181,31,257,236,a,0,2026-06-17 19:06:00
2182,31,257,155,c,0,2026-06-17 19:06:00
2183,31,257,224,a,1,2026-06-17 19:07:00
2184,31,257,433,c,0,2026-06-17 19:18:00
2185,31,257,242,d,1,2026-06-17 19:04:00
2186,31,257,426,d,1,2026-06-17 19:13:00
2187,31,257,199,b,1,2026-06-17 19:04:00
2188,31,257,396,c,1,2026-06-17 19:13:00
2189,31,257,306,d,0,2026-06-17 19:14:00
2190,31,257,14,b,1,2026-06-17 19:19:00
2191,31,258,469,a,1,2026-06-16 10:13:00
2192,31,258,23,b,0,2026-06-16 10:07:00
2193,31,258,335,b,1,2026-06-16 10:13:00
2194,31,258,346,d,1,2026-06-16 10:13:00
2195,31,258,92,b,1,2026-06-16 10:14:00
2196,31,258,239,a,1,2026-06-16 10:04:00
2197,31,258,412,a,1,2026-06-16 10:13:00
2198,31,258,197,d,1,2026-06-16 10:17:00
2199,31,258,217,a,1,2026-06-16 10:13:00
2200,31,258,310,d,1,2026-06-16 10:04:00
2201,31,259,446,a,1,2026-07-08 11:13:00
2202,31,259,133,b,1,2026-07-08 11:19:00
2203,31,259,223,a,1,2026-07-08 11:15:00
2204,31,259,236,c,0,2026-07-08 11:16:00
2205,31,259,130,d,1,2026-07-08 11:12:00
2206,31,259,278,c,1,2026-07-08 11:01:00
2207,31,259,229,c,1,2026-07-08 11:01:00
2208,31,259,183,a,1,2026-07-08 11:04:00
2209,31,259,44,a,1,2026-07-08 11:06:00
2210,31,259,221,c,1,2026-07-08 11:16:00
2211,31,260,191,a,0,2026-06-01 23:11:00
2212,31,260,196,a,1,2026-06-01 23:04:00
2213,31,260,217,d,1,2026-06-01 23:10:00
2214,31,260,370,a,1,2026-06-01 23:09:00
2215,31,260,407,b,0,2026-06-01 23:04:00
2216,31,260,264,b,1,2026-06-01 23:20:00
2217,31,260,243,b,0,2026-06-01 23:19:00
2218,31,260,142,a,0,2026-06-01 23:06:00
2219,31,260,140,a,1,2026-06-01 23:10:00
2220,31,260,337,b,1,2026-06-01 23:14:00
2221,31,260,50,b,1,2026-06-01 23:11:00
2222,31,260,33,c,1,2026-06-01 23:08:00
2223,31,260,302,d,0,2026-06-01 23:15:00
2224,31,260,244,a,0,2026-06-01 23:13:00
2225,31,260,78,d,1,2026-06-01 23:15:00
2226,31,261,496,a,1,2026-07-29 05:19:00
2227,31,261,43,b,1,2026-07-29 05:12:00
2228,31,261,150,c,0,2026-07-29 05:10:00
2229,31,261,320,b,1,2026-07-29 05:05:00
2230,31,261,392,a,1,2026-07-29 05:14:00
2231,31,261,121,d,0,2026-07-29 05:16:00
2232,31,261,486,a,0,2026-07-29 05:20:00
2233,31,261,293,c,1,2026-07-29 05:04:00
2234,31,261,282,d,1,2026-07-29 05:13:00
2235,31,261,143,c,1,2026-07-29 05:20:00
2236,31,261,258,d,0,2026-07-29 05:11:00
2237,31,261,147,d,1,2026-07-29 05:15:00
2238,31,261,148,a,1,2026-07-29 05:13:00
2239,31,261,336,b,1,2026-07-29 05:15:00
2240,31,261,335,d,0,2026-07-29 05:19:00
2241,31,262,307,d,1,2026-05-04 19:03:00
2242,31,262,86,d,0,2026-05-04 19:08:00
2243,31,262,381,d,1,2026-05-04 19:01:00
2244,31,262,235,c,1,2026-05-04 19:06:00
2245,31,262,480,b,0,2026-05-04 19:16:00
2246,31,262,106,d,1,2026-05-04 19:01:00
2247,31,262,124,b,1,2026-05-04 19:15:00
2248,31,262,412,c,0,2026-05-04 19:04:00
2249,31,262,237,a,0,2026-05-04 19:08:00
2250,31,262,444,d,1,2026-05-04 19:14:00
2251,31,262,491,c,0,2026-05-04 19:14:00
2252,31,262,332,a,0,2026-05-04 19:20:00
2253,31,262,150,d,1,2026-05-04 19:02:00
2254,31,262,187,d,0,2026-05-04 19:02:00
2255,31,262,220,a,0,2026-05-04 19:15:00
2256,31,263,408,d,0,2026-08-01 05:08:00
2257,31,263,235,d,1,2026-08-01 05:03:00
2258,31,263,152,d,1,2026-08-01 05:11:00
2259,31,263,291,c,1,2026-08-01 05:09:00
2260,31,263,268,c,1,2026-08-01 05:05:00
2261,31,264,244,d,0,2026-07-31 09:10:00
2262,31,264,76,c,0,2026-07-31 09:05:00
2263,31,264,15,b,0,2026-07-31 09:08:00
2264,31,264,133,c,0,2026-07-31 09:01:00
2265,31,264,208,d,1,2026-07-31 09:17:00
2266,31,264,330,b,0,2026-07-31 09:12:00
2267,31,264,192,d,1,2026-07-31 09:17:00
2268,31,264,446,d,0,2026-07-31 09:06:00
2269,31,264,343,a,1,2026-07-31 09:01:00
2270,31,264,77,c,1,2026-07-31 09:08:00
2271,31,265,460,b,0,2026-06-15 15:17:00
2272,31,265,205,a,0,2026-06-15 15:02:00
2273,31,265,284,a,0,2026-06-15 15:09:00
2274,31,265,268,b,0,2026-06-15 15:19:00
2275,31,265,354,b,1,2026-06-15 15:06:00
2276,31,266,464,b,1,2026-07-17 08:03:00
2277,31,266,125,d,0,2026-07-17 08:08:00
2278,31,266,164,a,1,2026-07-17 08:02:00
2279,31,266,244,b,1,2026-07-17 08:03:00
2280,31,266,250,c,1,2026-07-17 08:20:00
2281,31,267,1,c,0,2026-06-26 20:15:00
2282,31,267,324,b,0,2026-06-26 20:16:00
2283,31,267,488,c,1,2026-06-26 20:10:00
2284,31,267,141,c,1,2026-06-26 20:11:00
2285,31,267,250,a,0,2026-06-26 20:06:00
2286,31,267,254,b,1,2026-06-26 20:16:00
2287,31,267,49,d,1,2026-06-26 20:10:00
2288,31,267,100,a,1,2026-06-26 20:06:00
2289,31,267,157,c,0,2026-06-26 20:17:00
2290,31,267,475,b,0,2026-06-26 20:10:00
2291,31,267,99,d,0,2026-06-26 20:06:00
2292,31,267,340,b,1,2026-06-26 20:20:00
2293,31,267,335,d,1,2026-06-26 20:16:00
2294,31,267,242,c,0,2026-06-26 20:09:00
2295,31,267,425,c,1,2026-06-26 20:12:00
2296,31,268,182,b,0,2026-08-06 13:14:00
2297,31,268,420,b,0,2026-08-06 13:01:00
2298,31,268,427,c,1,2026-08-06 13:10:00
2299,31,268,167,b,1,2026-08-06 13:13:00
2300,31,268,439,c,0,2026-08-06 13:15:00
2301,31,268,371,d,1,2026-08-06 13:11:00
2302,31,268,400,d,0,2026-08-06 13:02:00
2303,31,268,128,c,1,2026-08-06 13:16:00
2304,31,268,52,a,0,2026-08-06 13:02:00
2305,31,268,225,c,0,2026-08-06 13:12:00
2306,32,269,294,c,1,2026-07-15 09:11:00
2307,32,269,72,a,1,2026-07-15 09:01:00
2308,32,269,491,c,0,2026-07-15 09:11:00
2309,32,269,95,c,0,2026-07-15 09:07:00
2310,32,269,102,c,1,2026-07-15 09:11:00
2311,32,270,31,c,0,2026-07-22 13:17:00
2312,32,270,492,c,1,2026-07-22 13:02:00
2313,32,270,171,a,0,2026-07-22 13:19:00
2314,32,270,400,a,0,2026-07-22 13:18:00
2315,32,270,294,d,1,2026-07-22 13:03:00
2316,32,271,334,c,1,2026-06-25 08:05:00
2317,32,271,233,d,1,2026-06-25 08:11:00
2318,32,271,4,d,0,2026-06-25 08:10:00
2319,32,271,78,c,1,2026-06-25 08:14:00
2320,32,271,273,d,0,2026-06-25 08:11:00
2321,32,271,474,c,0,2026-06-25 08:19:00
2322,32,271,79,b,0,2026-06-25 08:19:00
2323,32,271,52,a,0,2026-06-25 08:06:00
2324,32,271,400,b,1,2026-06-25 08:02:00
2325,32,271,446,c,1,2026-06-25 08:11:00
2326,32,271,156,b,0,2026-06-25 08:07:00
2327,32,271,396,c,1,2026-06-25 08:07:00
2328,32,271,64,d,1,2026-06-25 08:15:00
2329,32,271,195,a,1,2026-06-25 08:07:00
2330,32,271,395,d,1,2026-06-25 08:07:00
2331,32,272,482,d,1,2026-07-04 18:04:00
2332,32,272,213,b,0,2026-07-04 18:11:00
2333,32,272,185,d,1,2026-07-04 18:17:00
2334,32,272,9,a,1,2026-07-04 18:15:00
2335,32,272,182,c,1,2026-07-04 18:04:00
2336,33,274,391,a,0,2026-05-23 18:16:00
2337,33,274,191,d,1,2026-05-23 18:10:00
2338,33,274,480,b,0,2026-05-23 18:06:00
2339,33,274,187,a,1,2026-05-23 18:06:00
2340,33,274,157,d,0,2026-05-23 18:07:00
2341,33,275,468,d,0,2026-05-04 00:05:00
2342,33,275,370,b,1,2026-05-04 00:20:00
2343,33,275,48,d,1,2026-05-04 00:08:00
2344,33,275,238,d,0,2026-05-04 00:16:00
2345,33,275,439,a,0,2026-05-04 00:05:00
2346,33,275,66,c,1,2026-05-04 00:09:00
2347,33,275,343,a,0,2026-05-04 00:20:00
2348,33,275,101,b,1,2026-05-04 00:19:00
2349,33,275,116,a,1,2026-05-04 00:05:00
2350,33,275,455,a,1,2026-05-04 00:10:00
2351,33,276,265,c,0,2026-07-24 09:17:00
2352,33,276,192,b,0,2026-07-24 09:14:00
2353,33,276,383,d,1,2026-07-24 09:02:00
2354,33,276,8,b,1,2026-07-24 09:06:00
2355,33,276,83,d,1,2026-07-24 09:08:00
2356,33,276,440,c,1,2026-07-24 09:16:00
2357,33,276,208,d,1,2026-07-24 09:19:00
2358,33,276,280,d,0,2026-07-24 09:09:00
2359,33,276,474,c,1,2026-07-24 09:17:00
2360,33,276,175,d,1,2026-07-24 09:09:00
2361,33,276,343,c,0,2026-07-24 09:04:00
2362,33,276,219,a,0,2026-07-24 09:12:00
2363,33,276,500,d,0,2026-07-24 09:08:00
2364,33,276,65,c,0,2026-07-24 09:10:00
2365,33,276,495,b,1,2026-07-24 09:03:00
2366,33,277,289,a,0,2026-05-29 00:05:00
2367,33,277,356,b,0,2026-05-29 00:08:00
2368,33,277,326,b,1,2026-05-29 00:06:00
2369,33,277,277,d,0,2026-05-29 00:05:00
2370,33,277,152,d,0,2026-05-29 00:13:00
2371,33,277,240,c,0,2026-05-29 00:16:00
2372,33,277,39,c,1,2026-05-29 00:01:00
2373,33,277,473,a,1,2026-05-29 00:07:00
2374,33,277,247,b,1,2026-05-29 00:05:00
2375,33,277,201,b,1,2026-05-29 00:08:00
2376,33,277,128,c,0,2026-05-29 00:07:00
2377,33,277,72,d,1,2026-05-29 00:09:00
2378,33,277,106,d,1,2026-05-29 00:05:00
2379,33,277,6,a,1,2026-05-29 00:11:00
2380,33,277,242,b,1,2026-05-29 00:20:00
2381,34,279,389,c,1,2026-05-15 20:16:00
2382,34,279,492,c,1,2026-05-15 20:20:00
2383,34,279,429,d,1,2026-05-15 20:16:00
2384,34,279,432,c,1,2026-05-15 20:09:00
2385,34,279,215,c,0,2026-05-15 20:11:00
2386,34,279,366,d,0,2026-05-15 20:04:00
2387,34,279,223,c,1,2026-05-15 20:19:00
2388,34,279,288,d,1,2026-05-15 20:16:00
2389,34,279,22,a,1,2026-05-15 20:13:00
2390,34,279,295,a,1,2026-05-15 20:04:00
2391,34,281,443,a,1,2026-08-04 01:19:00
2392,34,281,343,a,0,2026-08-04 01:14:00
2393,34,281,51,c,1,2026-08-04 01:11:00
2394,34,281,435,c,0,2026-08-04 01:15:00
2395,34,281,499,b,1,2026-08-04 01:12:00
2396,34,281,235,c,1,2026-08-04 01:11:00
2397,34,281,395,c,0,2026-08-04 01:18:00
2398,34,281,433,d,1,2026-08-04 01:06:00
2399,34,281,276,b,0,2026-08-04 01:20:00
2400,34,281,328,d,1,2026-08-04 01:03:00
2401,34,281,388,d,1,2026-08-04 01:06:00
2402,34,281,180,c,1,2026-08-04 01:16:00
2403,34,281,492,b,1,2026-08-04 01:06:00
2404,34,281,159,c,1,2026-08-04 01:19:00
2405,34,281,317,a,0,2026-08-04 01:13:00
2406,34,283,315,a,0,2026-07-08 11:10:00
2407,34,283,126,b,1,2026-07-08 11:02:00
2408,34,283,115,b,0,2026-07-08 11:16:00
2409,34,283,75,a,1,2026-07-08 11:07:00
2410,34,283,248,d,1,2026-07-08 11:20:00
2411,34,283,99,d,1,2026-07-08 11:19:00
2412,34,283,322,d,1,2026-07-08 11:13:00
2413,34,283,412,c,1,2026-07-08 11:12:00
2414,34,283,164,c,1,2026-07-08 11:08:00
2415,34,283,441,b,1,2026-07-08 11:11:00
2416,34,284,369,c,1,2026-07-30 15:08:00
2417,34,284,421,b,1,2026-07-30 15:18:00
2418,34,284,236,d,1,2026-07-30 15:02:00
2419,34,284,12,d,1,2026-07-30 15:06:00
2420,34,284,245,b,0,2026-07-30 15:12:00
2421,34,284,292,c,1,2026-07-30 15:09:00
2422,34,284,252,d,0,2026-07-30 15:20:00
2423,34,284,111,d,1,2026-07-30 15:13:00
2424,34,284,170,b,1,2026-07-30 15:10:00
2425,34,284,74,c,1,2026-07-30 15:14:00
2426,34,284,365,c,1,2026-07-30 15:02:00
2427,34,284,315,a,1,2026-07-30 15:03:00
2428,34,284,128,b,1,2026-07-30 15:07:00
2429,34,284,374,a,0,2026-07-30 15:16:00
2430,34,284,294,d,1,2026-07-30 15:13:00
2431,35,285,206,b,1,2026-05-23 22:09:00
2432,35,285,174,d,1,2026-05-23 22:03:00
2433,35,285,451,a,0,2026-05-23 22:01:00
2434,35,285,49,b,0,2026-05-23 22:12:00
2435,35,285,3,c,1,2026-05-23 22:01:00
2436,35,285,289,c,1,2026-05-23 22:19:00
2437,35,285,326,d,1,2026-05-23 22:07:00
2438,35,285,50,b,1,2026-05-23 22:12:00
2439,35,285,362,b,1,2026-05-23 22:15:00
2440,35,285,16,a,1,2026-05-23 22:15:00
2441,35,286,255,b,0,2026-05-14 11:04:00
2442,35,286,481,d,1,2026-05-14 11:11:00
2443,35,286,402,d,0,2026-05-14 11:13:00
2444,35,286,174,b,0,2026-05-14 11:03:00
2445,35,286,97,d,1,2026-05-14 11:16:00
2446,35,286,416,a,1,2026-05-14 11:16:00
2447,35,286,467,d,0,2026-05-14 11:11:00
2448,35,286,165,b,0,2026-05-14 11:10:00
2449,35,286,207,d,1,2026-05-14 11:14:00
2450,35,286,54,c,1,2026-05-14 11:16:00
2451,35,287,97,a,0,2026-08-09 09:02:00
2452,35,287,278,b,1,2026-08-09 09:19:00
2453,35,287,15,a,1,2026-08-09 09:18:00
2454,35,287,494,a,0,2026-08-09 09:12:00
2455,35,287,379,b,0,2026-08-09 09:14:00
2456,35,287,467,b,1,2026-08-09 09:02:00
2457,35,287,365,c,1,2026-08-09 09:08:00
2458,35,287,293,a,1,2026-08-09 09:07:00
2459,35,287,474,c,1,2026-08-09 09:04:00
2460,35,287,91,d,1,2026-08-09 09:11:00
2461,35,288,349,c,0,2026-05-20 04:14:00
2462,35,288,210,a,1,2026-05-20 04:09:00
2463,35,288,432,b,1,2026-05-20 04:09:00
2464,35,288,6,d,0,2026-05-20 04:20:00
2465,35,288,340,b,1,2026-05-20 04:05:00
2466,35,289,490,d,1,2026-07-02 02:09:00
2467,35,289,134,a,1,2026-07-02 02:19:00
2468,35,289,487,a,0,2026-07-02 02:07:00
2469,35,289,266,a,1,2026-07-02 02:05:00
2470,35,289,20,d,0,2026-07-02 02:08:00
2471,35,290,340,b,1,2026-07-18 11:02:00
2472,35,290,292,a,0,2026-07-18 11:02:00
2473,35,290,472,b,0,2026-07-18 11:09:00
2474,35,290,201,d,1,2026-07-18 11:02:00
2475,35,290,116,b,1,2026-07-18 11:03:00
2476,35,290,13,d,0,2026-07-18 11:15:00
2477,35,290,148,b,1,2026-07-18 11:17:00
2478,35,290,58,a,1,2026-07-18 11:02:00
2479,35,290,369,b,1,2026-07-18 11:20:00
2480,35,290,74,a,0,2026-07-18 11:02:00
2481,35,291,391,a,0,2026-07-12 01:08:00
2482,35,291,480,d,0,2026-07-12 01:16:00
2483,35,291,467,b,1,2026-07-12 01:15:00
2484,35,291,326,d,1,2026-07-12 01:12:00
2485,35,291,275,c,1,2026-07-12 01:15:00
2486,35,293,437,b,1,2026-05-03 13:18:00
2487,35,293,107,d,0,2026-05-03 13:12:00
2488,35,293,228,d,1,2026-05-03 13:15:00
2489,35,293,69,b,1,2026-05-03 13:13:00
2490,35,293,100,c,1,2026-05-03 13:19:00
2491,35,293,192,c,0,2026-05-03 13:14:00
2492,35,293,278,d,1,2026-05-03 13:04:00
2493,35,293,212,a,1,2026-05-03 13:20:00
2494,35,293,338,d,1,2026-05-03 13:06:00
2495,35,293,13,b,0,2026-05-03 13:15:00
2496,35,293,382,b,1,2026-05-03 13:09:00
2497,35,293,78,d,1,2026-05-03 13:07:00
2498,35,293,391,d,1,2026-05-03 13:05:00
2499,35,293,272,a,1,2026-05-03 13:20:00
2500,35,293,11,a,1,2026-05-03 13:03:00
2501,36,294,464,d,1,2026-05-28 09:19:00
2502,36,294,156,a,1,2026-05-28 09:10:00
2503,36,294,84,d,0,2026-05-28 09:05:00
2504,36,294,82,d,1,2026-05-28 09:14:00
2505,36,294,500,a,0,2026-05-28 09:08:00
2506,36,295,393,a,1,2026-08-05 01:06:00
2507,36,295,477,d,1,2026-08-05 01:12:00
2508,36,295,497,d,0,2026-08-05 01:01:00
2509,36,295,44,c,0,2026-08-05 01:11:00
2510,36,295,347,d,1,2026-08-05 01:10:00
2511,36,296,309,d,1,2026-07-21 10:12:00
2512,36,296,87,c,1,2026-07-21 10:14:00
2513,36,296,267,a,0,2026-07-21 10:09:00
2514,36,296,333,b,1,2026-07-21 10:02:00
2515,36,296,173,a,0,2026-07-21 10:14:00
2516,37,297,199,a,1,2026-08-03 18:13:00
2517,37,297,172,c,0,2026-08-03 18:13:00
2518,37,297,209,c,1,2026-08-03 18:14:00
2519,37,297,283,b,1,2026-08-03 18:09:00
2520,37,297,471,a,1,2026-08-03 18:15:00
2521,37,298,34,b,1,2026-05-03 04:12:00
2522,37,298,443,a,0,2026-05-03 04:03:00
2523,37,298,446,a,1,2026-05-03 04:11:00
2524,37,298,324,c,1,2026-05-03 04:15:00
2525,37,298,29,b,0,2026-05-03 04:04:00
2526,37,299,368,a,0,2026-07-31 02:02:00
2527,37,299,244,b,1,2026-07-31 02:07:00
2528,37,299,241,c,0,2026-07-31 02:06:00
2529,37,299,227,b,0,2026-07-31 02:02:00
2530,37,299,135,b,0,2026-07-31 02:07:00
2531,37,300,84,d,0,2026-07-29 02:08:00
2532,37,300,212,c,1,2026-07-29 02:20:00
2533,37,300,377,b,1,2026-07-29 02:12:00
2534,37,300,145,b,1,2026-07-29 02:09:00
2535,37,300,463,a,1,2026-07-29 02:12:00
2536,37,301,302,c,0,2026-08-06 22:11:00
2537,37,301,292,c,1,2026-08-06 22:03:00
2538,37,301,381,d,0,2026-08-06 22:12:00
2539,37,301,161,b,1,2026-08-06 22:16:00
2540,37,301,210,d,1,2026-08-06 22:12:00
2541,37,301,238,d,0,2026-08-06 22:13:00
2542,37,301,215,a,1,2026-08-06 22:13:00
2543,37,301,446,b,0,2026-08-06 22:13:00
2544,37,301,78,b,1,2026-08-06 22:06:00
2545,37,301,77,c,1,2026-08-06 22:16:00
2546,37,301,82,c,1,2026-08-06 22:13:00
2547,37,301,117,b,0,2026-08-06 22:09:00
2548,37,301,223,b,1,2026-08-06 22:14:00
2549,37,301,493,a,1,2026-08-06 22:12:00
2550,37,301,312,c,1,2026-08-06 22:16:00
2551,37,303,145,c,1,2026-06-09 21:17:00
2552,37,303,190,d,1,2026-06-09 21:05:00
2553,37,303,127,b,1,2026-06-09 21:14:00
2554,37,303,325,d,0,2026-06-09 21:11:00
2555,37,303,407,c,0,2026-06-09 21:19:00
2556,37,303,401,b,1,2026-06-09 21:11:00
2557,37,303,251,d,0,2026-06-09 21:08:00
2558,37,303,197,b,0,2026-06-09 21:04:00
2559,37,303,237,c,0,2026-06-09 21:16:00
2560,37,303,406,c,1,2026-06-09 21:07:00
2561,37,303,243,b,0,2026-06-09 21:02:00
2562,37,303,423,d,1,2026-06-09 21:12:00
2563,37,303,249,c,1,2026-06-09 21:11:00
2564,37,303,491,a,1,2026-06-09 21:07:00
2565,37,303,269,c,1,2026-06-09 21:07:00
2566,37,304,41,c,1,2026-05-02 09:14:00
2567,37,304,229,d,1,2026-05-02 09:05:00
2568,37,304,56,c,1,2026-05-02 09:11:00
2569,37,304,233,c,1,2026-05-02 09:20:00
2570,37,304,64,a,1,2026-05-02 09:01:00
2571,37,304,73,c,0,2026-05-02 09:12:00
2572,37,304,322,d,0,2026-05-02 09:01:00
2573,37,304,314,a,0,2026-05-02 09:11:00
2574,37,304,21,a,0,2026-05-02 09:19:00
2575,37,304,33,a,1,2026-05-02 09:16:00
2576,37,304,482,b,1,2026-05-02 09:06:00
2577,37,304,174,a,1,2026-05-02 09:12:00
2578,37,304,206,a,1,2026-05-02 09:16:00
2579,37,304,356,b,1,2026-05-02 09:13:00
2580,37,304,230,b,0,2026-05-02 09:07:00
2581,37,305,246,a,1,2026-05-08 20:08:00
2582,37,305,489,b,1,2026-05-08 20:05:00
2583,37,305,10,c,1,2026-05-08 20:13:00
2584,37,305,282,a,1,2026-05-08 20:14:00
2585,37,305,118,d,1,2026-05-08 20:07:00
2586,37,306,145,c,1,2026-07-05 05:20:00
2587,37,306,428,b,1,2026-07-05 05:06:00
2588,37,306,168,c,0,2026-07-05 05:07:00
2589,37,306,15,d,1,2026-07-05 05:15:00
2590,37,306,395,d,1,2026-07-05 05:17:00
2591,37,306,412,a,1,2026-07-05 05:13:00
2592,37,306,389,c,1,2026-07-05 05:07:00
2593,37,306,419,c,0,2026-07-05 05:19:00
2594,37,306,291,c,1,2026-07-05 05:08:00
2595,37,306,111,b,1,2026-07-05 05:01:00
2596,37,307,472,d,0,2026-06-19 23:06:00
2597,37,307,40,a,1,2026-06-19 23:08:00
2598,37,307,26,a,0,2026-06-19 23:20:00
2599,37,307,228,d,0,2026-06-19 23:10:00
2600,37,307,28,c,1,2026-06-19 23:04:00
2601,37,307,380,c,1,2026-06-19 23:14:00
2602,37,307,153,a,1,2026-06-19 23:01:00
2603,37,307,234,b,0,2026-06-19 23:09:00
2604,37,307,451,d,1,2026-06-19 23:01:00
2605,37,307,234,c,1,2026-06-19 23:08:00
2606,37,307,33,b,1,2026-06-19 23:16:00
2607,37,307,16,a,1,2026-06-19 23:13:00
2608,37,307,90,a,1,2026-06-19 23:14:00
2609,37,307,492,c,0,2026-06-19 23:03:00
2610,37,307,411,c,1,2026-06-19 23:07:00
2611,37,308,428,d,0,2026-07-28 14:19:00
2612,37,308,367,a,1,2026-07-28 14:08:00
2613,37,308,234,d,1,2026-07-28 14:12:00
2614,37,308,372,b,1,2026-07-28 14:12:00
2615,37,308,90,d,1,2026-07-28 14:14:00
2616,37,309,309,c,1,2026-07-26 15:03:00
2617,37,309,331,d,0,2026-07-26 15:12:00
2618,37,309,456,a,1,2026-07-26 15:06:00
2619,37,309,307,c,1,2026-07-26 15:05:00
2620,37,309,436,b,1,2026-07-26 15:06:00
2621,37,311,351,c,1,2026-07-13 00:08:00
2622,37,311,281,d,1,2026-07-13 00:12:00
2623,37,311,296,c,1,2026-07-13 00:08:00
2624,37,311,116,d,0,2026-07-13 00:04:00
2625,37,311,367,a,1,2026-07-13 00:07:00
2626,38,312,488,b,1,2026-06-09 07:04:00
2627,38,312,107,b,1,2026-06-09 07:04:00
2628,38,312,130,d,0,2026-06-09 07:03:00
2629,38,312,339,d,0,2026-06-09 07:12:00
2630,38,312,199,c,1,2026-06-09 07:11:00
2631,38,312,471,d,1,2026-06-09 07:19:00
2632,38,312,17,d,1,2026-06-09 07:16:00
2633,38,312,441,d,1,2026-06-09 07:16:00
2634,38,312,353,c,1,2026-06-09 07:14:00
2635,38,312,195,a,0,2026-06-09 07:01:00
2636,38,312,244,c,0,2026-06-09 07:03:00
2637,38,312,233,d,0,2026-06-09 07:04:00
2638,38,312,18,c,0,2026-06-09 07:16:00
2639,38,312,111,d,1,2026-06-09 07:15:00
2640,38,312,442,a,1,2026-06-09 07:19:00
2641,38,313,335,a,1,2026-05-24 14:18:00
2642,38,313,252,b,1,2026-05-24 14:17:00
2643,38,313,21,c,0,2026-05-24 14:06:00
2644,38,313,496,a,1,2026-05-24 14:05:00
2645,38,313,199,b,1,2026-05-24 14:01:00
2646,38,313,115,c,0,2026-05-24 14:06:00
2647,38,313,118,d,0,2026-05-24 14:16:00
2648,38,313,52,b,1,2026-05-24 14:04:00
2649,38,313,289,a,1,2026-05-24 14:20:00
2650,38,313,11,c,1,2026-05-24 14:14:00
2651,38,313,18,c,0,2026-05-24 14:16:00
2652,38,313,34,a,1,2026-05-24 14:03:00
2653,38,313,244,d,1,2026-05-24 14:12:00
2654,38,313,62,a,1,2026-05-24 14:05:00
2655,38,313,229,c,1,2026-05-24 14:07:00
2656,38,314,154,b,0,2026-05-24 18:05:00
2657,38,314,31,a,0,2026-05-24 18:12:00
2658,38,314,272,a,1,2026-05-24 18:19:00
2659,38,314,472,b,1,2026-05-24 18:11:00
2660,38,314,340,d,0,2026-05-24 18:07:00
2661,38,314,199,a,1,2026-05-24 18:06:00
2662,38,314,75,a,1,2026-05-24 18:17:00
2663,38,314,290,b,1,2026-05-24 18:03:00
2664,38,314,481,b,1,2026-05-24 18:12:00
2665,38,314,22,c,0,2026-05-24 18:14:00
2666,38,314,201,d,0,2026-05-24 18:12:00
2667,38,314,246,d,1,2026-05-24 18:05:00
2668,38,314,124,c,1,2026-05-24 18:06:00
2669,38,314,16,d,0,2026-05-24 18:20:00
2670,38,314,396,a,1,2026-05-24 18:05:00
2671,38,315,438,d,1,2026-07-23 10:10:00
2672,38,315,356,b,1,2026-07-23 10:19:00
2673,38,315,500,c,0,2026-07-23 10:16:00
2674,38,315,129,c,1,2026-07-23 10:03:00
2675,38,315,263,b,0,2026-07-23 10:20:00
2676,38,315,290,b,1,2026-07-23 10:08:00
2677,38,315,266,d,1,2026-07-23 10:11:00
2678,38,315,394,b,1,2026-07-23 10:07:00
2679,38,315,352,c,0,2026-07-23 10:07:00
2680,38,315,409,d,0,2026-07-23 10:07:00
2681,38,316,94,d,1,2026-08-01 09:11:00
2682,38,316,478,d,1,2026-08-01 09:09:00
2683,38,316,37,c,0,2026-08-01 09:20:00
2684,38,316,202,a,1,2026-08-01 09:18:00
2685,38,316,476,d,1,2026-08-01 09:09:00
2686,38,316,421,c,1,2026-08-01 09:19:00
2687,38,316,27,d,1,2026-08-01 09:09:00
2688,38,316,244,d,1,2026-08-01 09:04:00
2689,38,316,63,c,1,2026-08-01 09:06:00
2690,38,316,434,a,1,2026-08-01 09:02:00
2691,38,316,66,a,1,2026-08-01 09:09:00
2692,38,316,21,a,0,2026-08-01 09:07:00
2693,38,316,369,c,1,2026-08-01 09:20:00
2694,38,316,317,c,1,2026-08-01 09:08:00
2695,38,316,78,a,0,2026-08-01 09:08:00
2696,38,317,380,c,1,2026-06-19 06:19:00
2697,38,317,433,d,0,2026-06-19 06:08:00
2698,38,317,457,b,1,2026-06-19 06:06:00
2699,38,317,123,c,0,2026-06-19 06:01:00
2700,38,317,229,b,1,2026-06-19 06:13:00
2701,38,318,12,c,0,2026-06-26 14:13:00
2702,38,318,405,c,1,2026-06-26 14:14:00
2703,38,318,199,d,1,2026-06-26 14:20:00
2704,38,318,308,d,0,2026-06-26 14:03:00
2705,38,318,161,c,1,2026-06-26 14:07:00
2706,38,318,461,b,1,2026-06-26 14:10:00
2707,38,318,352,b,1,2026-06-26 14:01:00
2708,38,318,200,c,0,2026-06-26 14:01:00
2709,38,318,371,d,1,2026-06-26 14:14:00
2710,38,318,179,b,0,2026-06-26 14:09:00
2711,38,318,246,b,1,2026-06-26 14:09:00
2712,38,318,307,b,1,2026-06-26 14:17:00
2713,38,318,25,b,1,2026-06-26 14:12:00
2714,38,318,316,a,1,2026-06-26 14:03:00
2715,38,318,232,b,1,2026-06-26 14:09:00
2716,38,319,318,a,0,2026-05-30 13:03:00
2717,38,319,148,d,1,2026-05-30 13:06:00
2718,38,319,9,b,0,2026-05-30 13:08:00
2719,38,319,138,b,0,2026-05-30 13:04:00
2720,38,319,390,c,1,2026-05-30 13:18:00
2721,38,320,257,a,1,2026-06-01 00:01:00
2722,38,320,80,b,1,2026-06-01 00:16:00
2723,38,320,294,c,1,2026-06-01 00:12:00
2724,38,320,366,b,1,2026-06-01 00:04:00
2725,38,320,35,d,1,2026-06-01 00:02:00
2726,38,321,239,c,1,2026-07-02 21:17:00
2727,38,321,385,c,0,2026-07-02 21:13:00
2728,38,321,440,d,1,2026-07-02 21:17:00
2729,38,321,308,c,1,2026-07-02 21:03:00
2730,38,321,196,d,0,2026-07-02 21:14:00
2731,38,321,102,a,1,2026-07-02 21:16:00
2732,38,321,231,b,1,2026-07-02 21:05:00
2733,38,321,73,a,0,2026-07-02 21:08:00
2734,38,321,250,d,0,2026-07-02 21:09:00
2735,38,321,238,b,1,2026-07-02 21:07:00
2736,38,321,460,a,1,2026-07-02 21:05:00
2737,38,321,466,d,1,2026-07-02 21:15:00
2738,38,321,307,c,0,2026-07-02 21:03:00
2739,38,321,21,d,1,2026-07-02 21:16:00
2740,38,321,473,b,1,2026-07-02 21:10:00
2741,38,322,191,a,1,2026-07-31 17:17:00
2742,38,322,236,c,1,2026-07-31 17:20:00
2743,38,322,411,a,0,2026-07-31 17:02:00
2744,38,322,391,a,0,2026-07-31 17:14:00
2745,38,322,260,a,1,2026-07-31 17:19:00
2746,38,322,170,d,0,2026-07-31 17:13:00
2747,38,322,73,b,0,2026-07-31 17:05:00
2748,38,322,113,a,1,2026-07-31 17:13:00
2749,38,322,100,d,1,2026-07-31 17:05:00
2750,38,322,219,c,1,2026-07-31 17:05:00
2751,38,322,84,a,0,2026-07-31 17:03:00
2752,38,322,113,d,1,2026-07-31 17:03:00
2753,38,322,59,a,0,2026-07-31 17:16:00
2754,38,322,316,c,1,2026-07-31 17:11:00
2755,38,322,296,c,1,2026-07-31 17:09:00
2756,39,323,27,c,0,2026-06-25 15:13:00
2757,39,323,285,b,0,2026-06-25 15:05:00
2758,39,323,238,b,0,2026-06-25 15:08:00
2759,39,323,186,d,0,2026-06-25 15:17:00
2760,39,323,154,a,0,2026-06-25 15:11:00
2761,39,325,61,c,0,2026-06-25 04:12:00
2762,39,325,476,d,1,2026-06-25 04:16:00
2763,39,325,147,b,1,2026-06-25 04:08:00
2764,39,325,307,c,0,2026-06-25 04:06:00
2765,39,325,43,a,1,2026-06-25 04:04:00
2766,39,325,220,d,0,2026-06-25 04:18:00
2767,39,325,27,a,0,2026-06-25 04:05:00
2768,39,325,432,c,0,2026-06-25 04:10:00
2769,39,325,342,a,1,2026-06-25 04:12:00
2770,39,325,52,a,1,2026-06-25 04:11:00
2771,39,326,56,c,0,2026-05-01 06:16:00
2772,39,326,37,c,1,2026-05-01 06:17:00
2773,39,326,81,a,1,2026-05-01 06:09:00
2774,39,326,17,d,1,2026-05-01 06:10:00
2775,39,326,415,d,0,2026-05-01 06:16:00
2776,39,326,335,d,1,2026-05-01 06:10:00
2777,39,326,342,c,1,2026-05-01 06:10:00
2778,39,326,19,a,1,2026-05-01 06:05:00
2779,39,326,56,d,1,2026-05-01 06:05:00
2780,39,326,395,c,1,2026-05-01 06:10:00
2781,39,326,223,d,1,2026-05-01 06:16:00
2782,39,326,374,c,1,2026-05-01 06:18:00
2783,39,326,336,a,0,2026-05-01 06:16:00
2784,39,326,34,a,1,2026-05-01 06:12:00
2785,39,326,200,b,1,2026-05-01 06:09:00
2786,39,328,445,b,1,2026-08-04 22:19:00
2787,39,328,213,a,1,2026-08-04 22:09:00
2788,39,328,22,b,1,2026-08-04 22:05:00
2789,39,328,465,b,1,2026-08-04 22:09:00
2790,39,328,324,c,0,2026-08-04 22:01:00
2791,39,328,173,a,1,2026-08-04 22:12:00
2792,39,328,104,b,1,2026-08-04 22:17:00
2793,39,328,141,d,1,2026-08-04 22:17:00
2794,39,328,475,b,1,2026-08-04 22:20:00
2795,39,328,233,c,1,2026-08-04 22:02:00
2796,39,329,425,d,1,2026-06-12 00:16:00
2797,39,329,293,b,0,2026-06-12 00:20:00
2798,39,329,231,c,0,2026-06-12 00:08:00
2799,39,329,419,b,1,2026-06-12 00:02:00
2800,39,329,136,a,1,2026-06-12 00:13:00
2801,39,329,123,d,0,2026-06-12 00:15:00
2802,39,329,411,c,1,2026-06-12 00:03:00
2803,39,329,9,c,1,2026-06-12 00:14:00
2804,39,329,298,b,0,2026-06-12 00:16:00
2805,39,329,438,b,1,2026-06-12 00:04:00
2806,39,330,169,b,1,2026-06-12 05:03:00
2807,39,330,477,c,0,2026-06-12 05:05:00
2808,39,330,213,b,1,2026-06-12 05:09:00
2809,39,330,186,a,0,2026-06-12 05:06:00
2810,39,330,355,a,0,2026-06-12 05:18:00
2811,39,330,437,a,1,2026-06-12 05:04:00
2812,39,330,495,b,0,2026-06-12 05:09:00
2813,39,330,257,d,1,2026-06-12 05:04:00
2814,39,330,143,a,1,2026-06-12 05:20:00
2815,39,330,199,b,1,2026-06-12 05:06:00
2816,39,330,467,a,0,2026-06-12 05:01:00
2817,39,330,83,b,0,2026-06-12 05:11:00
2818,39,330,16,c,1,2026-06-12 05:12:00
2819,39,330,54,d,0,2026-06-12 05:14:00
2820,39,330,397,a,1,2026-06-12 05:16:00
2821,40,331,293,c,1,2026-07-22 11:01:00
2822,40,331,333,c,1,2026-07-22 11:12:00
2823,40,331,442,d,1,2026-07-22 11:11:00
2824,40,331,267,a,1,2026-07-22 11:20:00
2825,40,331,283,c,1,2026-07-22 11:18:00
2826,40,331,126,c,1,2026-07-22 11:11:00
2827,40,331,440,a,1,2026-07-22 11:02:00
2828,40,331,357,c,1,2026-07-22 11:05:00
2829,40,331,175,d,1,2026-07-22 11:09:00
2830,40,331,39,d,0,2026-07-22 11:12:00
2831,40,332,309,a,1,2026-05-04 09:17:00
2832,40,332,394,c,1,2026-05-04 09:09:00
2833,40,332,109,a,1,2026-05-04 09:19:00
2834,40,332,387,a,1,2026-05-04 09:18:00
2835,40,332,446,c,0,2026-05-04 09:19:00
2836,40,333,138,a,0,2026-08-05 01:11:00
2837,40,333,3,a,1,2026-08-05 01:19:00
2838,40,333,208,a,0,2026-08-05 01:12:00
2839,40,333,459,b,1,2026-08-05 01:18:00
2840,40,333,359,a,1,2026-08-05 01:19:00
2841,40,333,374,b,0,2026-08-05 01:07:00
2842,40,333,123,d,1,2026-08-05 01:17:00
2843,40,333,296,b,1,2026-08-05 01:09:00
2844,40,333,109,d,1,2026-08-05 01:14:00
2845,40,333,70,d,1,2026-08-05 01:12:00
2846,40,334,332,d,0,2026-06-04 07:09:00
2847,40,334,98,c,1,2026-06-04 07:19:00
2848,40,334,62,b,0,2026-06-04 07:19:00
2849,40,334,382,a,1,2026-06-04 07:08:00
2850,40,334,495,b,1,2026-06-04 07:05:00
2851,40,334,334,b,1,2026-06-04 07:01:00
2852,40,334,212,a,1,2026-06-04 07:01:00
2853,40,334,371,a,1,2026-06-04 07:05:00
2854,40,334,194,c,0,2026-06-04 07:14:00
2855,40,334,106,d,1,2026-06-04 07:05:00
2856,40,335,401,a,1,2026-06-05 13:02:00
2857,40,335,212,a,0,2026-06-05 13:07:00
2858,40,335,91,d,0,2026-06-05 13:09:00
2859,40,335,34,d,0,2026-06-05 13:17:00
2860,40,335,103,c,1,2026-06-05 13:15:00
2861,40,335,83,d,1,2026-06-05 13:09:00
2862,40,335,400,b,1,2026-06-05 13:01:00
2863,40,335,261,b,0,2026-06-05 13:18:00
2864,40,335,131,a,1,2026-06-05 13:17:00
2865,40,335,383,d,1,2026-06-05 13:10:00
2866,40,336,295,b,1,2026-06-02 07:20:00
2867,40,336,77,a,1,2026-06-02 07:01:00
2868,40,336,215,c,1,2026-06-02 07:18:00
2869,40,336,376,c,1,2026-06-02 07:04:00
2870,40,336,301,b,0,2026-06-02 07:09:00
2871,40,336,290,c,1,2026-06-02 07:20:00
2872,40,336,456,b,1,2026-06-02 07:07:00
2873,40,336,242,b,1,2026-06-02 07:12:00
2874,40,336,491,a,1,2026-06-02 07:14:00
2875,40,336,119,d,0,2026-06-02 07:05:00
2876,40,337,368,b,1,2026-07-08 23:15:00
2877,40,337,50,a,1,2026-07-08 23:12:00
2878,40,337,62,c,1,2026-07-08 23:14:00
2879,40,337,48,c,1,2026-07-08 23:07:00
2880,40,337,413,c,0,2026-07-08 23:03:00
2881,40,337,23,d,0,2026-07-08 23:08:00
2882,40,337,475,d,0,2026-07-08 23:01:00
2883,40,337,455,c,0,2026-07-08 23:14:00
2884,40,337,474,c,1,2026-07-08 23:08:00
2885,40,337,386,d,1,2026-07-08 23:12:00
2886,40,338,120,a,0,2026-05-13 20:06:00
2887,40,338,102,b,0,2026-05-13 20:07:00
2888,40,338,116,b,1,2026-05-13 20:15:00
2889,40,338,188,c,1,2026-05-13 20:07:00
2890,40,338,427,b,0,2026-05-13 20:03:00
2891,40,338,18,b,0,2026-05-13 20:12:00
2892,40,338,44,b,1,2026-05-13 20:04:00
2893,40,338,223,b,1,2026-05-13 20:04:00
2894,40,338,366,c,0,2026-05-13 20:17:00
2895,40,338,273,b,0,2026-05-13 20:20:00
2896,40,338,429,d,0,2026-05-13 20:20:00
2897,40,338,475,a,1,2026-05-13 20:07:00
2898,40,338,239,a,1,2026-05-13 20:18:00
2899,40,338,462,a,0,2026-05-13 20:05:00
2900,40,338,287,d,1,2026-05-13 20:04:00
2901,40,340,174,a,1,2026-07-05 19:03:00
2902,40,340,424,b,1,2026-07-05 19:05:00
2903,40,340,72,b,1,2026-07-05 19:07:00
2904,40,340,320,d,0,2026-07-05 19:05:00
2905,40,340,42,c,1,2026-07-05 19:18:00
2906,40,341,43,c,0,2026-05-05 00:01:00
2907,40,341,42,a,1,2026-05-05 00:19:00
2908,40,341,225,c,0,2026-05-05 00:04:00
2909,40,341,14,b,1,2026-05-05 00:20:00
2910,40,341,407,c,0,2026-05-05 00:04:00
2911,40,342,268,a,1,2026-07-09 04:16:00
2912,40,342,257,a,1,2026-07-09 04:10:00
2913,40,342,223,d,1,2026-07-09 04:17:00
2914,40,342,339,c,1,2026-07-09 04:01:00
2915,40,342,46,c,0,2026-07-09 04:11:00
2916,40,343,262,b,1,2026-06-21 12:09:00
2917,40,343,188,c,0,2026-06-21 12:02:00
2918,40,343,374,a,0,2026-06-21 12:13:00
2919,40,343,28,d,0,2026-06-21 12:16:00
2920,40,343,286,d,1,2026-06-21 12:20:00
2921,40,344,444,d,1,2026-07-07 05:04:00
2922,40,344,469,a,1,2026-07-07 05:18:00
2923,40,344,281,d,1,2026-07-07 05:06:00
2924,40,344,100,d,1,2026-07-07 05:17:00
2925,40,344,205,c,0,2026-07-07 05:03:00
2926,40,344,357,d,1,2026-07-07 05:05:00
2927,40,344,268,c,0,2026-07-07 05:06:00
2928,40,344,451,d,1,2026-07-07 05:08:00
2929,40,344,221,b,0,2026-07-07 05:17:00
2930,40,344,43,d,1,2026-07-07 05:09:00
2931,40,344,485,d,0,2026-07-07 05:10:00
2932,40,344,388,c,1,2026-07-07 05:12:00
2933,40,344,404,b,0,2026-07-07 05:13:00
2934,40,344,350,b,0,2026-07-07 05:18:00
2935,40,344,343,a,1,2026-07-07 05:01:00
